model_name,mean_latency,size_in_mb,top1_acc,type
efficientnet_em.ra2_in1k_240.onnx,0.5934918165206909,26.22,79.252,CNN
vit_relpos_medium_patch16_224.sw_in1k_224.onnx,1.1958654403686524,148.23,82.466,Transformer
tf_efficientnetv2_xl.in21k_ft_in1k_512.onnx,15.936463463306428,792.81,86.748,CNN
efficientnet_es.ra_in1k_224.onnx,0.37672172784805297,20.67,78.066,CNN
tf_efficientnet_b1.aa_in1k_240.onnx,0.34960371255874634,29.76,78.826,CNN
beit_large_patch16_224.in22k_ft_in22k_in1k_224.onnx,9.181327366828919,1217.37,87.476,Transformer
vit_base_patch16_clip_384.laion2b_ft_in12k_in1k_384.onnx,7.660353660583496,331.45,87.218,Transformer
res2net50_26w_6s_224.onnx,0.9464158654212952,141.27,78.570,CNN
deit3_large_patch16_384_in21ft1k_384.onnx,26.52632932662964,1162.80,87.716,Transformer
mobilenetv2_050.lamb_in1k_224.onnx,0.04527146816253662,7.51,65.942,CNN
pit_ti_224_224.onnx,0.14769117832183837,18.67,72.912,Transformer
mixnet_xl.ra_in1k_224.onnx,0.5724458813667297,45.69,80.476,CNN
vit_large_patch14_clip_336.laion2b_ft_in1k_336.onnx,27.03083727359772,1161.91,87.848,Transformer
swinv2_large_window12to16_192to256_22kft1k_256.onnx,6.962186002731324,756.59,86.936,Transformer
pvt_v2_b4_224.onnx,2.585464906692505,239.33,83.716,Transformer
maxvit_tiny_tf_224.in1k_224.onnx,1.276240313053131,118.87,83.398,Transformer
regnetz_b16_288.onnx,0.561781895160675,37.04,80.716,CNN
vit_large_r50_s32_224.augreg_in21k_ft_in1k_224.onnx,3.0581932783126833,1345.45,84.434
mobilevitv2_200_256.onnx,1.2718085527420044,70.46,81.136,Transformer
vgg16_bn_224.onnx,2.2268668174743653,527.80,73.350,CNN
jx_nest_base_224.onnx,2.8434664607048035,258.97,83.552,CNN
efficientnet_b1_pruned.in1k_240.onnx,0.19619996547698976,24.22,78.236,CNN
levit_192_224.onnx,0.14266839027404785,42.52,79.842,Transformer
regnety_320_224.onnx,4.612332808971405,553.05,80.810,CNN
edgenext_small_320.onnx,0.5827666521072388,21.50,81.568,Transformer
regnetv_064_288.onnx,1.7839998006820679,116.86,83.712,CNN
maxxvit_rmlp_nano_rw_256_256.onnx,0.9387870192527771,64.41,83.030,Transformer
convnext_tiny.fb_in1k_288.onnx,1.5377624869346618,109.17,82.700,CNN
gluon_resnet18_v1b_224.onnx,0.26722767353057864,44.58,70.836,CNN
densenet161_224.onnx,1.2361263632774353,110.28,77.358,CNN
convnext_base.fb_in22k_ft_in1k_384_384.onnx,8.265511870384216,338.16,86.794,CNN
gluon_resnet101_v1s_224.onnx,1.3420638203620912,170.26,80.302,CNN
convit_tiny_224.onnx,0.22696175575256347,22.34,73.116,Transformer
efficientnet_el.ra_in1k_300.onnx,1.376848304271698,40.25,81.316,CNN
deit_small_distilled_patch16_224_224.onnx,0.6810021519660949,85.70,81.200,Transformer
legacy_seresnet152_224.onnx,1.7539807200431823,254.75,78.660,CNN
deit3_small_patch16_384_in21ft1k_384.onnx,2.3263683557510375,84.82,84.824,Transformer
resnest26d_224.onnx,0.5740707755088806,65.08,78.478,CNN
deit_small_patch16_224_224.onnx,0.684172534942627,84.22,79.856,Transformer
dla34_224.onnx,0.45886783599853515,60.04,74.630,CNN
seresnext101d_32x8d_288.onnx,3.941308355331421,356.71,84.370,CNN
resnext101_32x8d_224.onnx,2.3990239262580872,338.37,79.308,CNN
lambda_resnet26t_256.onnx,0.4418096780776978,41.80,79.096,CNN
swinv2_small_window16_256_256.onnx,2.170089077949524,195.75,84.206,Transformer
vit_srelpos_medium_patch16_224.sw_in1k_224.onnx,1.1952310919761657,148.16,82.236,Transformer
maxvit_large_tf_224.in1k_224.onnx,7.551580429077148,809.62,84.926,Transformer
swin_s3_base_224_224.onnx,2.1914910197257997,324.95,83.930,Transformer
coatnet_rmlp_1_rw_224_224.onnx,1.521877384185791,159.71,83.358,Transformer
dla60_res2net_224.onnx,0.6346052289009094,79.50,78.464,CNN
dla102_224.onnx,1.0531779646873474,126.84,78.032,CNN
deit3_large_patch16_224_224.onnx,9.622754669189453,1161.32,84.764,Transformer
mobilevitv2_150_256.onnx,0.7864810824394226,40.51,80.376,Transformer
hrnet_w40_224.onnx,1.928882884979248,219.60,78.920,CNN
regnety_004_224.onnx,0.09311968088150024,16.56,74.034,CNN
swinv2_cr_tiny_ns_224_224.onnx,0.7940569758415222,109.42,81.790,Transformer
legacy_seresnet50_224.onnx,0.602423369884491,107.09,77.630,CNN
crossvit_18_240_240.onnx,1.4812026500701905,165.40,82.400,Transformer
vit_base_patch32_clip_224.openai_ft_in1k_224.onnx,0.6142016530036927,336.66,81.930,Transformer
jx_nest_small_224.onnx,1.6978288292884827,146.92,83.120,CNN
deit3_small_patch16_224_in21ft1k_224.onnx,0.6767025709152221,84.26,83.070,Transformer
vit_base_patch8_224.augreg_in21k_ft_in1k_224.onnx,10.680639386177063,330.37,85.796,Transformer
regnetx_040_224.onnx,0.6131797313690186,84.26,78.482,CNN
vit_large_patch14_clip_224.laion2b_ft_in12k_in1k_224.onnx,11.091279411315918,1160.66,87.890,Transformer
efficientnet_b2_pruned.in1k_260.onnx,0.3057846188545227,31.74,79.916,CNN
inception_resnet_v2_299.onnx,1.9364030003547668,213.05,80.458,CNN
tinynet_b.in1k_188.onnx,0.13720874786376952,14.22,74.974,CNN
resnetrs350_384.onnx,10.82332547903061,625.14,84.720,CNN
swinv2_base_window12to16_192to256_22kft1k_256.onnx,3.6371779799461366,341.45,86.274,Transformer
vit_base_patch32_384.augreg_in21k_ft_in1k_384.onnx,1.7511146664619446,336.93,83.350,Transformer
nfnet_l0_288.onnx,1.218927276134491,217.16,82.750,CNN
regnetx_064_224.onnx,0.9507962465286255,99.86,79.072,CNN
xcit_tiny_24_p16_224_224.onnx,0.5429028749465943,46.62,79.444,Transformer
tf_efficientnetv2_m.in1k_480.onnx,4.59862060546875,206.21,85.208,CNN
vit_srelpos_small_patch16_224.sw_in1k_224.onnx,0.677635908126831,84.22,81.094,Transformer
regnetx_016_224.onnx,0.2739385724067688,35.00,76.950,CNN
resnetrs200_320.onnx,4.518194568157196,355.40,84.448,CNN
efficientnet_es_pruned.in1k_224.onnx,0.37450523376464845,20.67,75.000,CNN
repvgg_b1_224.onnx,1.815387988090515,219.04,78.366,CNN
gluon_inception_v3_299.onnx,0.8458479523658753,90.90,78.806,CNN
xcit_medium_24_p16_224_dist_224.onnx,2.7649314045906066,322.40,84.274,Transformer
flexivit_large.300ep_in1k_240.onnx,10.29739989042282,1161.24,85.280,Transformer
crossvit_15_dagger_240_240.onnx,1.0799861550331116,107.91,82.332,Transformer
xcit_medium_24_p8_384_dist_384.onnx,35.51386934518814,322.12,85.816,Transformer
swin_tiny_patch4_window7_224_224.onnx,0.7593537449836731,110.09,81.378,Transformer
hardcorenas_d_224.onnx,0.12448453903198242,28.61,77.432,CNN
swin_large_patch4_window7_224_224.onnx,4.8092022895812985,755.75,86.320,Transformer
flexivit_base.300ep_in1k_240.onnx,2.701485478878021,330.42,84.394,Transformer
regnety_002_224.onnx,0.051144528388977054,12.06,70.252,CNN
efficientformer_l1_224.onnx,0.27717406749725343,46.84,80.502,Transformer
legacy_seresnext101_32x4d_224.onnx,1.2454592823982238,186.58,80.228,CNN
cs3darknet_x_288.onnx,1.5805717587471009,133.67,82.228,CNN
swinv2_base_window8_256_256.onnx,3.134136366844177,337.81,84.262,Transformer
tf_efficientnetv2_b3.in21k_ft_in1k_300.onnx,0.67074955701828,54.73,82.672,CNN
vit_small_patch16_384.augreg_in1k_384.onnx,2.31277619600296,84.78,81.120,Transformer
ssl_resnet18_224.onnx,0.2678601861000061,44.58,72.610,CNN
gcvit_xtiny_224.onnx,0.6421345233917236,84.31,81.952,Transformer
inception_v3_299.onnx,0.8453114986419678,90.90,77.440,CNN
spnasnet_100.rmsp_in1k_224.onnx,0.12702454328536988,16.82,74.084,CNN
regnety_032_288.onnx,0.8494049191474915,74.06,82.724,CNN
pit_s_distilled_224_224.onnx,0.46991777420043945,91.88,81.996,Transformer
xcit_large_24_p16_224_224.onnx,5.33915684223175,721.84,82.896,Transformer
tresnet_l_224.onnx,1.6013104796409607,213.52,81.488,CNN
mvitv2_base_224.onnx,2.122167873382568,197.31,84.422,Transformer
maxvit_small_tf_512.in1k_512.onnx,13.06661478281021,264.62,86.088,Transformer
tf_efficientnetv2_b3.in1k_300.onnx,0.6741964459419251,54.73,81.970,CNN
coatnet_rmlp_2_rw_224_224.onnx,2.7752823710441588,282.44,84.600,Transformer
tf_efficientnet_b6.aa_in1k_528.onnx,5.6177485704422,163.98,84.110,CNN
efficientformer_l3_224.onnx,0.7506303906440734,119.73,82.550,Transformer
ghostnet_100_224.onnx,0.07987327575683593,19.82,73.978,CNN
crossvit_base_240_240.onnx,3.034559488296509,400.91,82.216,Transformer
semnasnet_100.rmsp_in1k_224.onnx,0.11215877532958984,14.80,75.448,CNN
regnetx_320_224.onnx,4.342344033718109,410.99,80.246,CNN
densenet169_224.onnx,0.5827670335769654,54.68,75.906,CNN
edgenext_xx_small_288.onnx,0.13835066556930542,5.21,71.866,Transformer
tresnet_v2_l_224.onnx,1.3171132564544679,175.58,83.902,CNN
tresnet_xl_448_448.onnx,8.301338374614716,299.11,83.050,CNN
mobilenetv3_large_100.ra_in1k_224.onnx,0.09276766777038574,20.91,75.766,CNN
xcit_small_12_p8_224_dist_224.onnx,3.155653882026672,100.23,84.232,Transformer
inception_v4_299.onnx,1.7881790399551392,162.78,80.168,CNN
eva_large_patch14_196.in22k_ft_in22k_in1k_196.onnx,9.208709239959717,1160.42,88.586,Transformer
eva_large_patch14_336.in22k_ft_in22k_in1k_336.onnx,26.451301407814025,1161.91,,Transformer
tf_efficientnet_b4.aa_in1k_380.onnx,1.6184635281562805,73.72,83.022,CNN
beit_base_patch16_224.in22k_ft_in22k_in1k_224.onnx,2.3646077871322633,351.14,85.236,Transformer
tf_efficientnetv2_b0.in1k_224.onnx,0.1975022315979004,27.25,78.356,CNN
vit_large_patch16_384.augreg_in21k_ft_in1k_384.onnx,26.319680643081664,1162.61,87.080,Transformer
resnext101_64x4d_288.onnx,3.6371454000473022,318.02,83.148,CNN
coatnext_nano_rw_224_224.onnx,0.5854963541030884,62.92,81.948,Transformer
ens_adv_inception_resnet_v2_299.onnx,1.9253036975860596,213.05,79.982,CNN
swin_base_patch4_window7_224_224.onnx,2.3592321395874025,339.24,85.252,Transformer
convit_base_224.onnx,2.3836986422538757,330.68,82.288,Transformer
vit_small_patch32_224.augreg_in21k_ft_in1k_224.onnx,0.17899317741394044,87.38,75.990,Transformer
xcit_tiny_12_p16_384_dist_384.onnx,0.7994861125946044,25.84,80.940,Transformer
vit_base_patch16_224.orig_in21k_ft_in1k_224.onnx,2.344192659854889,330.34,81.786,Transformer
deit_base_distilled_patch16_224_224.onnx,2.3583781838417055,333.28,83.388,Transformer
twins_svt_small_224.onnx,0.5463080406188965,92.08,81.682,Transformer
xception41_299.onnx,1.4927258968353272,102.70,78.516,CNN
hardcorenas_c_224.onnx,0.11710779666900635,21.05,77.054,CNN
efficientnetv2_rw_m.agc_in1k_416.onnx,4.058004903793335,202.68,84.808,CNN
dpn98_224.onnx,1.7496444463729859,235.17,79.642,CNN
crossvit_9_dagger_240_240.onnx,0.4628838300704956,33.72,76.980,Transformer
pit_s_224_224.onnx,0.46302902698516846,89.68,81.094,Transformer
vgg11_224.onnx,1.2014150261878966,506.84,69.024,CNN
skresnet34_224.onnx,0.6194150924682618,85.03,76.912,CNN
swin_s3_tiny_224_224.onnx,0.7828797459602356,119.92,82.122,Transformer
pvt_v2_b2_li_224.onnx,1.22894047498703,86.35,82.196,Transformer
ecaresnet26t_320.onnx,0.7817502498626709,61.05,79.854,CNN
edgenext_base_320.onnx,1.3025901675224305,70.80,83.960,Transformer
lcnet_075.ra2_in1k_224.onnx,0.04719620943069458,9.00,68.818,CNN
ig_resnext101_32x8d_224.onnx,2.3864967942237856,338.37,82.688,CNN
gcvit_xxtiny_224.onnx,0.4767328381538391,53.27,79.714,Transformer
resnetaa50_288.onnx,1.2006603717803954,97.42,81.622,CNN
tresnet_m_224.onnx,0.8368895530700684,119.72,83.080,CNN
ecaresnet50t_320.onnx,1.3033113718032836,97.50,82.346,CNN
cs3darknet_l_288.onnx,0.9523272275924682,80.73,80.896,CNN
xcit_large_24_p16_384_dist_384.onnx,15.41583970785141,721.84,85.754,Transformer
gluon_seresnext101_32x4d_224.onnx,1.2540038466453551,186.57,80.904,CNN
coatnet_nano_rw_224_224.onnx,0.5537449836730957,64.58,81.700,Transformer
lambda_resnet26rpt_256_256.onnx,0.44906115531921387,42.46,78.970,CNN
repvgg_b0_224.onnx,0.5143630504608154,60.37,75.152,CNN
xcit_small_24_p8_384_dist_384.onnx,19.1378044962883,182.13,85.556,Transformer
vit_large_patch16_224.augreg_in21k_ft_in1k_224.onnx,9.446286642551422,1161.13,85.842,Transformer
resmlp_36_distilled_224_224.onnx,1.3557359099388122,170.64,81.160,CNN
dla60_res2next_224.onnx,0.5485145568847656,64.94,78.440,CNN
maxvit_nano_rw_256_256.onnx,0.9584131836891174,60.69,82.932,Transformer
vit_base_patch16_clip_384.openai_ft_in1k_384.onnx,7.532730901241303,331.45,86.206,Transformer
tf_efficientnet_b4.ns_jft_in1k_380.onnx,1.603376865386963,73.72,85.162,CNN
ssl_resnext101_32x16d_224.onnx,5.331904923915863,739.56,81.844,CNN
nf_regnet_b1_288.onnx,0.31826146841049197,57.89,79.292,CNN
resnet152d_320.onnx,3.290871822834015,229.47,83.680,CNN
poolformer_s12_224.onnx,0.3679440379142761,45.54,77.230,Transformer
repvgg_a2_224.onnx,0.8134864091873169,107.63,76.460,CNN
resmlp_12_224_224.onnx,0.4541735053062439,58.61,76.654,CNN
maxvit_tiny_tf_512.in1k_512.onnx,7.245038306713104,119.40,85.662,Transformer
efficientnet_el_pruned.in1k_300.onnx,1.3553476810455323,40.25,80.300,CNN
gmixer_24_224_224.onnx,0.7652431488037109,94.57,78.036,CNN
cait_s36_384_384.onnx,10.045542073249816,261.17,85.460,Transformer
mobilevitv2_150_in22ft1k_256.onnx,0.7784113407135009,40.51,81.478,Transformer
hardcorenas_f_224.onnx,0.15368903875350953,31.26,78.104,CNN
adv_inception_v3_299.onnx,0.8500206232070923,90.90,77.582,CNN
cait_xxs24_384_384.onnx,3.1081633806228637,46.14,80.966,Transformer
convnext_nano.d1h_in1k_288.onnx,0.9480175614356995,59.57,81.470,CNN
pvt_v2_b2_224.onnx,1.241335356235504,97.03,82.076,Transformer
repvgg_b3g4_224.onnx,2.4797245025634767,319.78,80.212,CNN
repvgg_b1g4_224.onnx,1.176493191719055,152.48,77.594,CNN
resnetrs50_224.onnx,0.6950970530509949,136.10,79.892,CNN
gluon_resnet152_v1s_224.onnx,1.8839683651924133,229.87,81.016,CNN
hrnet_w30_224.onnx,1.291157078742981,143.93,78.206,CNN
resnetrs270_352.onnx,7.342994308471679,495.15,84.434,CNN
deit3_base_patch16_224_224.onnx,2.3474682688713076,330.41,83.792,Transformer
beitv2_large_patch16_224.in1k_ft_in22k_in1k_224.onnx,9.35247575044632,1217.37,88.386,Transformer
vgg13_224.onnx,1.673359763622284,507.54,69.926,CNN
maxvit_rmlp_tiny_rw_256_256.onnx,1.4147521615028382,111.71,84.232,Transformer
tf_efficientnetv2_s.in21k_ft_in1k_384.onnx,1.6250798583030701,81.75,84.302,CNN
resmlp_big_24_distilled_224_224.onnx,13.535171616077424,492.73,83.588,CNN
mobilevitv2_200_384_in22ft1k_384.onnx,2.766943371295929,70.46,83.394,Transformer
fbnetv3_b.ra2_in1k_256.onnx,0.23447214365005492,32.80,79.150,CNN
eva_large_patch14_196.in22k_ft_in1k_196.onnx,9.158518064022065,1160.42,87.938,Transformer
tinynet_e.in1k_106.onnx,0.023529434204101564,7.80,59.856,CNN
twins_svt_base_224.onnx,1.3843494534492493,214.29,83.136,Transformer
gernet_s_224.onnx,0.12443791627883911,31.14,76.916,CNN
eca_nfnet_l0_288.onnx,1.211455726623535,175.47,82.580,CNN
cs3sedarknet_l_288.onnx,0.9555052399635315,83.62,81.774,CNN
xcit_nano_12_p16_224_224.onnx,0.16276086568832399,11.87,69.954,Transformer
vit_small_r26_s32_384.augreg_in21k_ft_in1k_384.onnx,1.5704952955245972,192.78,84.046,Transformer
xcit_medium_24_p16_384_dist_384.onnx,7.853879141807556,322.40,85.412,Transformer
regnety_064_288.onnx,1.5706680059432983,116.56,83.716,CNN
regnety_160_288.onnx,3.6383008122444154,318.68,83.686,CNN
vit_base_patch16_384.orig_in21k_ft_in1k_384.onnx,7.539323699474335,331.45,84.210,Transformer
levit_256_224.onnx,0.22046492099761963,72.90,81.510,Transformer
flexivit_large.1200ep_in1k_240.onnx,10.484492015838622,1161.24,85.644,Transformer
regnetx_006_224.onnx,0.11205273866653442,23.59,73.852,CNN
resnetv2_50d_evos_288.onnx,1.4009803891181947,97.91,81.976,CNN
tf_efficientnetv2_l.in21k_ft_in1k_480.onnx,9.72106169462204,451.43,86.806,CNN
deit3_small_patch16_384_384.onnx,2.323933279514313,84.82,83.426,Transformer
tf_mixnet_m.in1k_224.onnx,0.286847186088562,19.57,76.942,CNN
regnetx_032_224.onnx,0.5039141178131104,58.26,78.172,CNN
pit_ti_distilled_224_224.onnx,0.1487710952758789,19.65,74.530,Transformer
tf_efficientnet_b6.ns_jft_in1k_528.onnx,5.621196758747101,163.98,86.452,CNN
swinv2_base_window16_256_256.onnx,3.572724628448486,341.45,84.594,Transformer
maxvit_base_tf_384.in21k_ft_in1k_384.onnx,13.319742023944855,458.24,87.922,Transformer
vgg13_bn_224.onnx,1.6835113644599915,507.54,71.594,CNN
pit_b_distilled_224_224.onnx,1.8717021346092224,285.50,84.144,Transformer
mobilevitv2_175_256.onnx,1.0268036723136902,54.45,80.860,Transformer
xcit_medium_24_p8_224_224.onnx,10.983928418159485,322.12,83.734,Transformer
cspresnet50_256.onnx,0.6212889671325683,82.42,79.574,CNN
hardcorenas_b_224.onnx,0.10437945127487183,19.74,76.538,CNN
mobilevitv2_125_256.onnx,0.5868270039558411,28.63,79.684,Transformer
res2net50_14w_8s_224.onnx,0.6401097059249878,95.56,78.150,CNN
maxvit_large_tf_384.in21k_ft_in1k_384.onnx,22.466861760616304,810.57,87.992,Transformer
tf_efficientnetv2_b2.in1k_260.onnx,0.400894033908844,38.50,80.208,CNN
dla60_224.onnx,0.6371931433677673,84.02,77.032,CNN
mvitv2_small_224.onnx,1.4584320783615112,133.65,83.768,Transformer
mobilevitv2_175_in22ft1k_256.onnx,1.0219319343566895,54.45,81.944,Transformer
efficientnet_b2.ra_in1k_288.onnx,0.4974381923675537,34.70,80.612,CNN
mnasnet_100.rmsp_in1k_224.onnx,0.11914221048355103,16.67,74.658,CNN
res2net50_26w_8s_224.onnx,1.2255190849304198,184.57,79.200,CNN
xcit_nano_12_p8_384_dist_384.onnx,1.6864369630813598,11.85,77.820,Transformer
resnest50d_1s4x24d_224.onnx,0.6791609168052674,97.87,80.988,CNN
legacy_seresnet18_224.onnx,0.2683311104774475,44.93,71.744,CNN
tf_efficientnet_em.in1k_240.onnx,0.6020951867103577,26.29,78.130,CNN
hrnet_w44_224.onnx,2.230598199367523,255.85,78.896,CNN
coat_lite_tiny_224.onnx,0.42698395252227783,22.02,77.512,Transformer
vit_small_patch16_224.augreg_in21k_ft_in1k_224.onnx,0.6792339444160461,84.22,81.402,Transformer
tf_mobilenetv3_large_minimal_100.in1k_224.onnx,0.07075642347335816,15.01,72.248,CNN
tf_efficientnet_lite2.in1k_260.onnx,0.30459682941436766,23.24,77.468,CNN
tf_inception_v3_299.onnx,0.8503925561904907,90.90,77.860,CNN
maxvit_small_tf_384.in1k_384.onnx,6.849374747276306,264.19,85.534,Transformer
tf_efficientnet_lite3.in1k_300.onnx,0.5024780392646789,31.24,79.820,CNN
tf_efficientnetv2_m.in21k_ft_in1k_480.onnx,4.603140723705292,206.21,86.004,CNN
repvgg_b2g4_224.onnx,1.7645910739898683,235.60,79.366,CNN
gernet_m_224.onnx,0.441959285736084,80.55,80.732,CNN
pvt_v2_b5_224.onnx,2.5886255383491514,313.53,83.740,Transformer
regnetz_d8_evos_320.onnx,2.0811723589897158,89.96,84.050,CNN
vit_base_patch16_clip_224.laion2b_ft_in12k_in1k_224.onnx,2.363479435443878,330.34,86.170,Transformer
xcit_nano_12_p16_224_dist_224.onnx,0.16288702487945556,11.87,72.302,Transformer
tf_efficientnet_el.in1k_300.onnx,1.3769635915756226,40.32,80.250,CNN
regnetz_e8_320.onnx,3.016954708099365,219.89,85.030,CNN
xcit_tiny_12_p16_224_dist_224.onnx,0.29143146276473997,25.84,78.578,Transformer
ssl_resnext101_32x4d_224.onnx,1.1950697660446168,168.31,80.924,CNN
mvitv2_tiny_224.onnx,1.0302372574806213,92.63,82.404,Transformer
gcvit_small_224.onnx,1.5893438935279847,229.48,83.884,Transformer
maxvit_tiny_tf_384.in1k_384.onnx,3.854766809940338,119.11,85.106,Transformer
cs3se_edgenet_x_320.onnx,2.598332631587982,193.49,83.548,CNN
hardcorenas_a_224.onnx,0.10783722400665283,20.06,75.916,CNN
tf_mobilenetv3_small_minimal_100.in1k_224.onnx,0.02539687156677246,7.86,62.906,CNN
swsl_resnet18_224.onnx,0.2647722601890564,44.58,73.276,CNN
resmlp_24_224_224.onnx,0.9079665422439576,114.63,79.374,CNN
flexivit_large.600ep_in1k_240.onnx,10.31983449459076,1161.24,85.538,Transformer
resnest50d_224.onnx,0.8704728364944458,104.79,80.974,CNN
maxvit_base_tf_512.in21k_ft_in1k_512.onnx,25.23260817527771,459.11,88.212,Transformer
tf_efficientnet_b1.ns_jft_in1k_240.onnx,0.3458699584007263,29.76,81.388,CNN
gluon_resnext50_32x4d_224.onnx,0.6429247736930848,95.37,79.354,CNN
gc_efficientnetv2_rw_t.agc_in1k_288.onnx,0.6830448150634766,52.21,82.464,CNN
swsl_resnext101_32x8d_224.onnx,2.401598572731018,338.37,84.284,CNN
efficientnet_b3.ra2_in1k_320.onnx,0.8295530438423157,46.59,82.242,CNN
xcit_large_24_p8_224_dist_224.onnx,21.402310800552367,721.22,85.396,Transformer
mobilenetv3_small_100.lamb_in1k_224.onnx,0.03913737535476684,9.71,67.652,CNN
vit_base_patch32_clip_384.openai_ft_in12k_in1k_384.onnx,1.756970226764679,336.94,85.212,Transformer
xcit_small_12_p16_384_dist_384.onnx,2.4188294410705566,100.38,84.706,Transformer
ig_resnext101_32x48d_224.onnx,2.3974212765693665,338.37,85.428,CNN
nf_resnet50_288.onnx,1.0265466451644898,187.21,80.662,CNN
mobilevit_s_256.onnx,0.4793606996536255,21.42,78.312,Transformer
hrnet_w48_224.onnx,2.5614949107170104,295.53,79.300,CNN
xception65_299.onnx,2.2460015177726746,151.97,83.180,CNN
vit_small_r26_s32_224.augreg_in21k_ft_in1k_224.onnx,0.5922035455703736,192.64,81.858,Transformer
vit_small_patch16_224.augreg_in1k_224.onnx,0.6770445346832276,84.22,78.846,Transformer
vit_relpos_small_patch16_224.sw_in1k_224.onnx,0.6809587717056275,84.28,81.462,Transformer
xception41p_299.onnx,1.4754767060279845,102.67,81.958,CNN
deit3_large_patch16_384_384.onnx,27.88252583742142,1162.80,85.810,Transformer
convnext_atto_ols.a2_in1k_288.onnx,0.3232700705528259,14.20,77.216,CNN
regnetz_040_320.onnx,1.4358072876930237,103.26,84.236,CNN
convnext_tiny.fb_in22k_ft_in1k_384_384.onnx,2.635109519958496,109.17,84.080,CNN
mobilenetv2_100.ra_in1k_224.onnx,0.09802556037902832,13.34,72.970,CNN
swinv2_cr_small_224_224.onnx,1.458760952949524,191.60,83.146,Transformer
vit_relpos_medium_patch16_rpn_224.sw_in1k_224.onnx,1.1799497842788695,148.18,82.298,Transformer
legacy_seresnet101_224.onnx,1.194449496269226,188.06,78.382,CNN
densenet201_224.onnx,0.7566944360733032,77.36,77.286,CNN
twins_pcpvt_small_224.onnx,0.7570209980010987,92.14,81.088,Transformer
gluon_resnet152_v1c_224.onnx,1.7431899189949036,229.47,79.910,CNN
swinv2_small_window8_256_256.onnx,1.911987066268921,192.12,83.856,Transformer
resnetrs420_416.onnx,15.57591370344162,731.66,85.008,CNN
efficientnet_b1.ft_in1k_256.onnx,0.36682993173599243,29.69,78.794,CNN
convnext_small.fb_in22k_ft_in1k_288.onnx,2.80239052772522,191.80,85.262,CNN
cspresnext50_256.onnx,0.6173183917999268,78.39,80.546,CNN
vit_base_patch16_384.augreg_in1k_384.onnx,7.592094457149505,331.45,81.102,Transformer
dla60x_224.onnx,0.5580156564712524,66.12,78.246,CNN
poolformer_m36_224.onnx,1.6872865200042724,214.54,82.110,Transformer
vit_base_r50_s16_384.orig_in21k_ft_in1k_384.onnx,9.189640200138092,423.41,84.972,Transformer
coat_lite_small_224.onnx,0.931498908996582,76.04,82.308,Transformer
convnext_pico_ols.d1_in1k_288.onnx,0.6208988308906556,34.65,80.464,CNN
vit_tiny_r_s16_p8_224.augreg_in21k_ft_in1k_224.onnx,0.09079611301422119,24.38,71.788,Transformer
resnetv2_101x1_bitm_448.onnx,4.498521673679352,332.53,82.332,CNN
tv_resnet101_224.onnx,1.1707394123077393,169.79,77.374,CNN
gluon_resnext101_32x4d_224.onnx,1.2150866746902467,168.31,80.334,CNN
pit_xs_distilled_224_224.onnx,0.25269714593887327,42.16,79.306,Transformer
deit3_base_patch16_384_384.onnx,7.60511155128479,331.52,85.072,Transformer
legacy_seresnext50_32x4d_224.onnx,0.6703734755516052,105.05,79.078,CNN
crossvit_15_240_240.onnx,1.037932848930359,105.32,81.536,Transformer
mixer_b16_224_224.onnx,1.7857496738433838,228.52,76.600,CNN
deit3_large_patch16_224_in21ft1k_224.onnx,9.331991302967072,1161.32,86.978,Transformer
tf_mobilenetv3_small_075.in1k_224.onnx,0.03548020124435425,7.87,65.716,CNN
sequencer2d_s_224.onnx,1.3324314475059509,106.27,82.342,CNN
gluon_resnet50_v1d_224.onnx,0.6419922351837158,97.49,79.074,CNN
convnext_base.fb_in22k_ft_in1k_288.onnx,4.699654614925384,338.16,86.280,CNN
lambda_resnet50ts_256.onnx,0.832881224155426,82.16,81.166,CNN
pvt_v2_b1_224.onnx,0.7044797897338867,53.59,78.694,Transformer
gluon_senet154_224.onnx,3.03088321685791,438.69,81.234,CNN
pit_xs_224_224.onnx,0.2501813888549805,40.69,78.182,Transformer
maxvit_small_tf_224.in1k_224.onnx,2.307240200042725,263.83,84.434,Transformer
vgg16_224.onnx,2.252663314342499,527.80,71.594,CNN
pit_b_224_224.onnx,1.8910178899765016,281.59,82.446,Transformer
semnasnet_075.rmsp_in1k_224.onnx,0.0903210163116455,11.09,72.974,CNN
hrnet_w64_224.onnx,4.181490850448609,488.47,79.474,CNN
resnet10t_224.onnx,0.16334134340286255,20.73,68.294,CNN
xcit_small_12_p8_224_224.onnx,3.1380580067634583,100.23,83.344,Transformer
convnext_femto_ols.d1_in1k_288.onnx,0.41722660064697265,20.02,78.934,CNN
eca_nfnet_l1_320.onnx,2.498224651813507,304.31,84.010,CNN
regnetx_080_224.onnx,1.14666645526886,150.81,79.194,CNN
efficientnet_b0.ra_in1k_224.onnx,0.21365960836410522,20.15,77.698,CNN
nasnetalarge_331.onnx,4.682179749011993,338.83,82.620,CNN
tf_efficientnet_b0.ns_jft_in1k_224.onnx,0.21989599466323853,20.22,78.658,CNN
tinynet_c.in1k_184.onnx,0.08743300437927246,9.38,71.232,CNN
efficientnet_b4.ra2_in1k_384.onnx,1.6076406836509705,73.66,83.428,CNN
dm_nfnet_f1_320.onnx,6.038169634342194,833.73,84.626,CNN
flexivit_small.300ep_in1k_240.onnx,0.7863368630409241,84.26,82.172,Transformer
edgenext_small_rw_320.onnx,0.655003833770752,30.03,80.456,Transformer
tresnet_l_448_448.onnx,5.924660408496857,213.52,82.268,CNN
xception71_299.onnx,2.9006718397140503,161.19,79.874,CNN
tf_mobilenetv3_small_100.in1k_224.onnx,0.04233928918838501,9.78,67.922,CNN
dm_nfnet_f0_256.onnx,2.132684648036957,450.49,83.386,CNN
vit_base_patch32_clip_224.laion2b_ft_in1k_224.onnx,0.6239007830619812,336.66,82.582,Transformer
efficientnet_b3_pruned.in1k_300.onnx,0.4081483244895935,37.63,80.858,CNN
vit_relpos_base_patch32_plus_rpn_256.sw_in1k_256.onnx,1.035808837413788,455.72,79.480,Transformer
vit_base_patch32_clip_224.laion2b_ft_in12k_in1k_224.onnx,0.6204000592231751,336.66,83.306,Transformer
gmlp_s16_224_224.onnx,0.84221351146698,74.38,79.642,CNN
vit_base_patch16_clip_384.laion2b_ft_in1k_384.onnx,7.616403388977051,331.45,86.620,Transformer
tf_efficientnet_b1.ap_in1k_240.onnx,0.3470013737678528,29.76,79.280,CNN
swinv2_cr_small_ns_224_224.onnx,1.4569095373153687,191.61,83.488,Transformer
regnetz_c16_evos_320.onnx,1.2868460059165954,51.86,82.630,CNN
cs3sedarknet_x_288.onnx,1.616698944568634,135.05,82.654,CNN
tf_efficientnet_b7.ra_in1k_600.onnx,10.116971564292907,252.76,84.936,CNN
pnasnet5large_331.onnx,4.8760923624038695,328.63,82.782,CNN
regnetx_160_224.onnx,2.2061012148857118,206.87,79.856,CNN
cs3darknet_focus_l_288.onnx,0.9136288881301879,80.68,80.884,CNN
tresnet_xl_224.onnx,2.2270644426345827,299.11,82.054,CNN
regnetx_008_224.onnx,0.1437726378440857,27.64,75.038,CNN
tf_efficientnet_b3.aa_in1k_300.onnx,0.7538508296012878,46.66,81.636,CNN
convit_small_224.onnx,0.8641818881034851,106.52,81.426,Transformer
tf_mixnet_l.in1k_224.onnx,0.39253278970718386,28.42,78.774,CNN
cs3darknet_focus_m_288.onnx,0.4203114628791809,35.50,77.278,CNN
wide_resnet101_2_224.onnx,3.1462279319763184,483.82,78.856,CNN
skresnet18_224.onnx,0.3071812629699707,45.63,73.038,CNN
deit_base_patch16_384_384.onnx,7.611964321136474,331.45,83.106,Transformer
convnext_tiny_hnf.a2h_in1k_288.onnx,1.6173789262771607,109.17,82.590,CNN
crossvit_18_dagger_408_408.onnx,5.308726215362549,170.50,84.196,Transformer
sebotnet33ts_256_256.onnx,0.7334977507591247,52.38,81.150,Transformer
mobilenetv2_120d.ra_in1k_224.onnx,0.19625377655029297,22.18,77.284,CNN
vit_base_patch8_224.augreg2_in21k_ft_in1k_224.onnx,10.729578375816345,330.37,86.212,Transformer
res2net50_48w_2s_224.onnx,0.6193068623542786,96.39,77.522,CNN
vit_large_patch14_clip_224.laion2b_ft_in1k_224.onnx,11.119855308532715,1160.66,87.292,Transformer
fbnetv3_g.ra2_in1k_288.onnx,0.6009490013122558,63.35,82.048,CNN
hrnet_w32_224.onnx,1.3947780132293701,157.35,78.450,CNN
resmlp_12_distilled_224_224.onnx,0.46800124645233154,58.61,77.944,CNN
flexivit_small.600ep_in1k_240.onnx,0.7846476793289184,84.26,82.354,Transformer
tf_efficientnet_lite4.in1k_380.onnx,1.0979924321174621,49.53,81.536,CNN
coatnet_rmlp_nano_rw_224_224.onnx,0.6226365327835083,58.27,82.064,Transformer
vit_base_patch16_224.augreg2_in21k_ft_in1k_224.onnx,2.376076340675354,330.34,85.106,Transformer
flexivit_base.600ep_in1k_240.onnx,2.7202128291130068,330.42,84.518,Transformer
mobilevitv2_075_256.onnx,0.2743163466453552,11.05,75.622,Transformer
convnext_large.fb_in1k_288.onnx,9.160540282726288,754.64,84.846,CNN
tf_efficientnet_b3.ap_in1k_300.onnx,0.7676376938819885,46.66,81.822,CNN
regnetz_c16_320.onnx,0.906333577632904,51.30,82.518,CNN
mobilevitv2_200_in22ft1k_256.onnx,1.265704584121704,70.46,82.324,Transformer
eva_large_patch14_336.in22k_ft_in1k_336.onnx,27.08018329143524,1161.91,88.664,Transformer
vit_base_patch16_clip_224.openai_ft_in12k_in1k_224.onnx,2.3701519846916197,330.34,85.930,Transformer
cspdarknet53_256.onnx,0.8967385292053223,105.42,80.058,CNN
gluon_seresnext50_32x4d_224.onnx,0.6716262459754944,105.04,79.918,CNN
visformer_small_224.onnx,0.8620300889015198,153.58,82.106,Transformer
ssl_resnet50_224.onnx,0.6098960161209106,97.41,79.222,CNN
resnetv2_50d_gn_288.onnx,1.0863589286804198,97.67,81.816,CNN
rexnet_200_224.onnx,0.4333601832389832,62.34,81.632,CNN
edgenext_x_small_288.onnx,0.263107967376709,9.10,75.688,Transformer
crossvit_15_dagger_408_408.onnx,3.7549535393714906,109.02,83.838,Transformer
eca_botnext26ts_256_256.onnx,0.45038164854049684,40.49,79.274,Transformer
tf_efficientnet_es.in1k_224.onnx,0.38137189149856565,20.74,76.594,CNN
convnext_pico.d1_in1k_288.onnx,0.6074822783470154,34.58,80.426,CNN
ssl_resnext101_32x8d_224.onnx,2.3959290266036986,338.37,81.616,CNN
regnety_006_224.onnx,0.11771098375320435,23.08,75.246,CNN
hrnet_w18_small_224.onnx,0.2599773406982422,50.30,72.342,CNN
dm_nfnet_f2_352.onnx,10.585768353939056,1216.98,85.064
pvt_v2_b0_224.onnx,0.2665893793106079,14.13,70.656,Transformer
coat_lite_mini_224.onnx,0.4923245310783386,42.20,79.088,Transformer
resnet61q_288.onnx,1.5445717811584472,140.42,82.524,CNN
regnety_016_224.onnx,0.29121569395065305,42.69,77.862,CNN
poolformer_m48_224.onnx,2.224856162071228,280.62,82.462,Transformer
efficientformer_l7_224.onnx,1.7985756754875184,313.56,83.386,Transformer
maxvit_base_tf_224.in1k_224.onnx,4.4612229347229,457.52,84.860,Transformer
resmlp_big_24_224_224.onnx,13.67953518629074,492.73,81.028,CNN
swin_small_patch4_window7_224_224.onnx,1.4156028509140015,192.87,83.212,Transformer
tinynet_d.in1k_152.onnx,0.045629143714904785,8.92,66.962,CNN
gernet_l_256.onnx,0.6326785087585449,118.39,81.354,CNN
deit3_base_patch16_384_in21ft1k_384.onnx,7.654787206649781,331.52,86.744,Transformer
mobilevit_xs_256.onnx,0.32427096366882324,8.99,74.644,Transformer
xcit_nano_12_p8_224_dist_224.onnx,0.5852765560150146,11.85,76.324,Transformer
tresnet_m_448_448.onnx,3.1326696991920473,119.72,81.714,CNN
xcit_small_12_p16_224_dist_224.onnx,0.8644678592681885,100.38,83.350,Transformer
xcit_tiny_24_p16_384_dist_384.onnx,1.5067083716392518,46.62,82.570,Transformer
convnext_nano_ols.d1h_in1k_288.onnx,1.018655824661255,59.79,81.610,CNN
gluon_resnet152_v1b_224.onnx,1.7037021040916442,229.40,79.686,CNN
tf_mobilenetv3_large_075.in1k_224.onnx,0.07800322771072388,15.30,73.438,CNN
convnext_base.fb_in1k_288.onnx,4.6793408036232,338.16,84.434,CNN
vit_relpos_base_patch16_224.sw_in1k_224.onnx,2.3824122190475463,330.12,82.484,Transformer
gcvit_tiny_224.onnx,0.9599876880645752,130.87,83.400,Transformer
resnetv2_50x1_bitm_448.onnx,2.445486533641815,187.39,80.342,CNN
gluon_resnet101_v1b_224.onnx,1.170401358604431,169.79,79.306,CNN
tf_efficientnet_b5.ns_jft_in1k_456.onnx,3.2366838812828065,115.80,86.088,CNN
convnext_femto.d1_in1k_288.onnx,0.40408259630203247,19.98,78.704,CNN
crossvit_small_240_240.onnx,1.0020530104637146,102.72,81.020,Transformer
vit_relpos_base_patch16_clsgap_224.sw_in1k_224.onnx,2.4072546005249023,330.15,82.762,Transformer
resnet14t_224.onnx,0.25141899585723876,38.43,72.350,CNN
mobilenetv3_small_075.lamb_in1k_224.onnx,0.03318276405334473,7.80,65.246,CNN
ig_resnext101_32x16d_224.onnx,2.374432933330536,338.37,84.170,CNN
tf_mobilenetv3_large_100.in1k_224.onnx,0.096798574924469,20.97,75.518,CNN
maxxvit_rmlp_small_rw_256_256.onnx,2.7106587409973146,252.41,84.628,Transformer
flexivit_base.1200ep_in1k_240.onnx,2.733039879798889,330.42,84.664,Transformer
legacy_senet154_224.onnx,2.999843621253967,438.70,81.310,CNN
resnetrs101_288.onnx,2.0354135990142823,242.57,82.288,CNN
rexnet_100_224.onnx,0.16566166877746583,18.28,77.858,CNN
gluon_resnet34_v1b_224.onnx,0.5348710656166077,83.14,74.588,CNN
beit_base_patch16_384.in22k_ft_in22k_in1k_384.onnx,7.714740633964539,512.70,86.800,Transformer
gluon_resnet101_v1c_224.onnx,1.2014066934585572,169.86,79.534,CNN
vit_relpos_medium_patch16_cls_224.sw_in1k_224.onnx,1.2137945294380188,148.32,82.562,Transformer
vit_tiny_r_s16_p8_384.augreg_in21k_ft_in1k_384.onnx,0.25495014190673826,24.45,75.952,Transformer
resmlp_big_24_224_in22ft1k_224.onnx,13.71142727136612,492.73,84.394,CNN
ecaresnet269d_352.onnx,7.373236680030823,389.23,84.976,CNN
resnest14d_224.onnx,0.4279461860656738,40.46,75.506,CNN
darknetaa53_288.onnx,1.3961782813072205,137.39,80.522,CNN
vit_base_patch32_224.augreg_in21k_ft_in1k_224.onnx,0.6273018836975097,336.66,80.724,Transformer
levit_384_224.onnx,0.41270889043807985,150.21,82.586,Transformer
resmlp_36_224_224.onnx,1.3648523330688476,170.64,79.770,CNN
efficientnetv2_rw_s.ra2_in1k_384.onnx,1.6939806818962098,91.14,83.808,Transformer
xcit_tiny_24_p8_384_dist_384.onnx,6.011984884738922,46.59,83.740,Transformer
deit_tiny_distilled_patch16_224_224.onnx,0.21644151210784912,22.66,74.510,Transformer
vit_tiny_patch16_224.augreg_in21k_ft_in1k_224.onnx,0.21552486419677735,21.92,75.454,Transformer
dpn107_224.onnx,2.6998367071151734,331.92,80.156,CNN
regnetx_002_224.onnx,0.047155988216400144,10.22,68.762,CNN
xception_299.onnx,1.345063281059265,87.11,79.052,CNN
fbnetc_100.rmsp_in1k_224.onnx,0.1595636010169983,21.20,75.124,CNN
fbnetv3_d.ra2_in1k_256.onnx,0.26086087226867677,39.30,79.680,CNN
vit_base_patch32_224.augreg_in1k_224.onnx,0.6219126343727112,336.66,74.904,Transformer
gluon_resnet152_v1d_224.onnx,1.7515020966529846,229.47,80.474,CNN
deit_base_patch16_224_224.onnx,2.376537394523621,330.34,81.998,Transformer
regnetz_d32_320.onnx,1.7392430305480957,105.10,84.022,CNN
swsl_resnet50_224.onnx,0.6039591193199157,97.41,81.166,CNN
mobilevitv2_175_384_in22ft1k_384.onnx,2.2190380454063416,54.45,82.942,Transformer
xcit_small_12_p8_384_dist_384.onnx,10.058346664905548,100.23,85.088,Transformer
convnext_small.fb_in22k_ft_in1k_384_384.onnx,4.823562502861023,191.80,85.778,CNN
vgg11_bn_224.onnx,1.1966578960418701,506.84,70.360,CNN
deit3_base_patch16_224_in21ft1k_224.onnx,2.3890748143196108,330.41,85.714,Transformer
tf_efficientnetv2_l.in1k_480.onnx,9.744572246074677,451.43,85.670,CNN
resnet200d_320.onnx,4.25417799949646,246.54,83.962,CNN
res2net101_26w_4s_224.onnx,1.2177547574043275,172.32,79.198,CNN
tf_efficientnet_b6.ap_in1k_528.onnx,5.615982031822204,163.98,84.788,CNN
mobilevitv2_050_256.onnx,0.15993690490722656,5.35,70.140,Transformer
efficientnetv2_rw_t.ra2_in1k_288.onnx,0.6869682908058167,51.96,82.348,CNN
vit_base_patch16_224_miil.in21k_ft_in1k_224.onnx,2.3694554209709167,330.23,84.268,Transformer
swinv2_tiny_window8_256_256.onnx,1.027524197101593,109.90,81.806,Transformer
mobilenetv2_110d.ra_in1k_224.onnx,0.13840352296829223,17.19,75.036,CNN
regnetx_004_224.onnx,0.08175638914108277,19.63,72.396,CNN
skresnext50_32x4d_224.onnx,0.8481883406639099,104.74,80.156,CNN
dpn68_224.onnx,0.4061551928520203,48.20,76.318,CNN
tf_efficientnetv2_b1.in1k_240.onnx,0.2928833723068237,31.06,79.462,CNN
xcit_small_12_p16_224_224.onnx,0.8653547525405884,100.38,81.974,Transformer
jx_nest_tiny_224.onnx,1.0022494554519654,65.40,81.414,CNN
maxvit_large_tf_384.in1k_384.onnx,22.708502340316773,810.57,86.236,Transformer
swin_s3_small_224_224.onnx,1.5630209803581239,227.11,83.770,Transformer
gluon_resnet50_v1c_224.onnx,0.6342885375022889,97.49,78.012,CNN
darknet53_288.onnx,1.6087701201438904,158.69,80.534,CNN
swsl_resnext50_32x4d_224.onnx,0.6422517657279968,95.37,82.182,CNN
xcit_tiny_12_p8_384_dist_384.onnx,3.116945803165436,25.80,82.388,Transformer
resnest101e_256.onnx,1.9763523817062378,184.05,82.890,CNN
convnext_atto.d2_in1k_288.onnx,0.31297380924224855,14.18,77.014,CNN
legacy_seresnet34_224.onnx,0.5427430629730224,83.77,74.808,CNN
coat_tiny_224.onnx,1.16953444480896,21.62,78.434,Transformer
regnety_040_288.onnx,0.9897805690765381,78.69,83.038,CNN
tf_efficientnet_b0.ap_in1k_224.onnx,0.2201493501663208,20.22,77.086,CNN
xcit_small_24_p16_224_dist_224.onnx,1.623458445072174,182.29,83.862,Transformer
dpn131_224.onnx,2.4104205846786497,302.76,79.822,CNN
dla46_c_224.onnx,0.10813828706741332,4.97,64.866,CNN
ssl_resnext50_32x4d_224.onnx,0.6408669352531433,95.37,80.318,CNN
dla46x_c_224.onnx,0.11717429161071777,4.08,65.970,CNN
cs3darknet_m_288.onnx,0.44155436754226685,35.52,77.636,CNN
levit_128_224.onnx,0.10176200866699218,35.88,78.486,Transformer
xcit_nano_12_p8_224_224.onnx,0.5793562769889832,11.85,73.914,Transformer
vit_base_patch16_clip_224.openai_ft_in1k_224.onnx,2.382352089881897,330.34,85.280,Transformer
convnext_nano.in12k_ft_in1k_288.onnx,0.9755971431732178,59.57,82.858,CNN
repvgg_b3_224.onnx,3.9323424339294433,469.55,80.492,CNN
eca_nfnet_l2_384.onnx,4.9483269572258,421.22,84.698,CNN
xception65p_299.onnx,2.2215583443641664,151.95,83.130,CNN
hardcorenas_e_224.onnx,0.16079436540603637,30.77,77.794,CNN
vit_large_patch14_clip_336.laion2b_ft_in12k_in1k_336.onnx,27.584230029582976,1161.91,88.182,Transformer
maxvit_rmlp_pico_rw_256_256.onnx,0.5432135939598084,29.22,80.516,Transformer
vit_base_patch16_224.augreg_in21k_ft_in1k_224.onnx,2.3730138421058653,330.34,84.532,Transformer
swin_large_patch4_window12_384_384.onnx,14.82020993232727,801.07,87.148,Transformer
tf_efficientnet_b7.ap_in1k_600.onnx,10.148591530323028,252.76,85.120,CNN
tf_efficientnet_b2.aa_in1k_260.onnx,0.45560351610183714,34.77,80.086,CNN
tf_efficientnetv2_s.in1k_384.onnx,1.646370255947113,81.75,83.894,CNN
repvgg_b2_224.onnx,2.756718385219574,339.61,78.792,CNN
tf_efficientnet_b5.ra_in1k_456.onnx,3.2112902998924255,115.80,83.812,CNN
resnest200e_320.onnx,5.289601159095764,267.67,83.832,CNN
convnext_large.fb_in22k_ft_in1k_384_384.onnx,15.834063899517059,754.64,87.472,CNN
xcit_large_24_p16_224_dist_224.onnx,5.363017106056214,721.84,84.918,Transformer
resnet101d_320.onnx,2.290145921707153,169.86,83.022,CNN
xcit_medium_24_p8_224_dist_224.onnx,10.77429016828537,322.12,85.072,Transformer
cait_xxs24_224_224.onnx,0.5737733244895935,45.87,78.386,Transformer
crossvit_9_240_240.onnx,0.45355466604232786,32.87,73.964,Transformer
vit_base_patch16_clip_224.laion2b_ft_in1k_224.onnx,2.3783021807670592,330.34,85.468,Transformer
cait_xs24_384_384.onnx,4.681037127971649,101.99,84.062,Transformer
seresnext101_32x8d_288.onnx,3.879735541343689,356.64,84.192,CNN
swsl_resnext101_32x16d_224.onnx,5.313230514526367,739.56,83.346,CNN
xcit_tiny_24_p8_224_224.onnx,1.9908290266990663,46.59,81.900,Transformer
vit_base_patch16_clip_384.openai_ft_in12k_in1k_384.onnx,7.6272380471229555,331.45,87.034,Transformer
maxvit_base_tf_512.in1k_512.onnx,25.398401069641114,459.11,86.598,Transformer
maxvit_tiny_rw_224_224.onnx,1.0931778430938721,112.69,83.504,Transformer
gcvit_base_224.onnx,2.5981992959976195,390.49,84.448,Transformer
maxvit_base_tf_384.in1k_384.onnx,13.360573410987854,458.24,86.294,Transformer
tf_efficientnet_lite0.in1k_224.onnx,0.15424342155456544,17.77,74.830,CNN
swin_base_patch4_window12_384_384.onnx,7.489154756069183,371.42,86.432,Transformer
tv_resnet34_224.onnx,0.5392277121543885,83.14,73.312,CNN
botnet26t_256_256.onnx,0.4817341208457947,47.71,79.272,Transformer
tinynet_a.in1k_192.onnx,0.19208115339279175,23.57,77.652,CNN
swsl_resnext101_32x4d_224.onnx,1.2052650928497315,168.31,83.230,CNN
gluon_resnet50_v1b_224.onnx,0.6084232091903686,97.41,77.580,CNN
coat_mini_224.onnx,1.6128085136413575,40.08,81.268,Transformer
maxvit_rmlp_nano_rw_256_256.onnx,0.9574273705482483,59.49,82.962,Transformer
pvt_v2_b3_224.onnx,1.8098499655723572,173.05,83.126,Transformer
coatnet_0_rw_224_224.onnx,0.8785081028938293,116.36,82.390,Transformer
xcit_tiny_12_p16_224_224.onnx,0.2907718062400818,25.84,77.120,Transformer
xcit_tiny_24_p16_224_dist_224.onnx,0.5456158995628357,46.62,80.446,Transformer
vit_tiny_patch16_384.augreg_in21k_ft_in1k_384.onnx,0.7974433660507202,22.20,78.430,Transformer
vit_base_patch32_clip_448.laion2b_ft_in12k_in1k_448.onnx,2.430067610740662,337.09,85.784,Transformer
twins_svt_large_224.onnx,2.3991785526275633,379.08,83.678,Transformer
poolformer_s24_224.onnx,0.6982239961624146,81.77,80.316,Transformer
regnetz_040h_320.onnx,1.4587718725204468,110.21,84.494,CNN
tf_efficientnet_b8.ra_in1k_672.onnx,16.00038660764694,333.01,85.370,CNN
resnest50d_4s2x40d_224.onnx,0.743860375881195,115.92,81.108,CNN
mixer_l16_224_224.onnx,6.575653970241547,794.39,72.058,CNN
vit_small_patch32_384.augreg_in21k_ft_in1k_384.onnx,0.5066478490829468,87.52,80.480,Transformer
xcit_tiny_12_p8_224_224.onnx,1.0364198207855224,25.80,79.694,Transformer
bat_resnext26ts_256.onnx,0.45450477600097655,41.03,78.242,CNN
flexivit_small.1200ep_in1k_240.onnx,0.7898093700408936,84.26,82.526,Transformer
regnetx_120_224.onnx,1.6964893102645875,175.72,79.596,CNN
mobilevit_xxs_256.onnx,0.14404808282852172,5.01,68.912,Transformer
res2next50_224.onnx,0.6416631698608398,94.04,78.246,CNN
poolformer_s36_224.onnx,1.0524706721305848,117.99,81.416,Transformer
regnetv_040_288.onnx,1.153520131111145,78.92,83.194,CNN
tf_efficientnet_b3.ns_jft_in1k_300.onnx,0.7643258929252624,46.66,84.048,CNN
tf_mixnet_s.in1k_224.onnx,0.20184086561203002,16.13,75.650,CNN
legacy_seresnext26_32x4d_224.onnx,0.38827263116836547,64.00,77.104,CNN
swinv2_tiny_window16_256_256.onnx,1.2197166323661803,113.94,82.810,Transformer
cait_xxs36_384_384.onnx,4.2299226999282835,66.64,82.194,Transformer
deit3_medium_patch16_224_in21ft1k_224.onnx,1.1950244784355164,148.31,84.560,Transformer
mixnet_m.ft_in1k_224.onnx,0.2871540904045105,19.32,77.260,CNN
gluon_resnet50_v1s_224.onnx,0.7905081272125244,97.89,78.712,CNN
resnet51q_288.onnx,1.3077638387680053,136.05,82.360,CNN
regnety_080_288.onnx,1.933951234817505,149.34,83.932,CNN
beitv2_base_patch16_224.in1k_ft_in22k_in1k_224.onnx,2.3872450828552245,351.14,86.480,Transformer
vit_small_patch16_384.augreg_in21k_ft_in1k_384.onnx,2.3103764295578,84.78,83.802,Transformer
vit_large_patch14_clip_224.openai_ft_in1k_224.onnx,11.738632798194885,1160.66,87.852,Transformer
deit3_small_patch16_224_224.onnx,0.6829949259757996,84.26,81.386,Transformer
deit_tiny_patch16_224_224.onnx,0.2145097017288208,21.92,72.168,Transformer
tnt_s_patch16_224_224.onnx,0.9323952555656433,90.86,81.518,Transformer
cait_s24_224_224.onnx,1.5812906503677369,179.23,83.452,Transformer
cait_m36_384_384.onnx,31.008293545246126,1035.00,86.054,Transformer
twins_pcpvt_large_224.onnx,1.7399216890335083,233.12,83.140,Transformer
resnetv2_50x1_bit_distilled_224.onnx,0.6774162650108337,187.39,82.818,CNN
resnetrs152_320.onnx,3.5099292278289793,330.27,83.712,CNN
efficientnet_lite0.ra_in1k_224.onnx,0.15050458908081055,17.70,75.484,CNN
xcit_tiny_24_p8_224_dist_224.onnx,2.005826711654663,46.59,82.562,Transformer
vit_large_patch32_384.orig_in21k_ft_in1k_384.onnx,6.564218354225159,1169.92,81.506,Transformer
dpn92_224.onnx,1.0406663775444032,144.02,80.008,CNN
mobilenetv2_140.ra_in1k_224.onnx,0.16179147958755494,23.25,76.516,CNN
xcit_tiny_12_p8_224_dist_224.onnx,1.040763759613037,25.80,81.212,Transformer
mobilevitv2_150_384_in22ft1k_384.onnx,1.716439127922058,40.51,82.594,Transformer
ig_resnext101_32x32d_224.onnx,2.398868453502655,338.37,85.094,CNN
xcit_medium_24_p16_224_224.onnx,2.7849075198173523,322.40,82.636,Transformer
gluon_seresnext101_64x4d_224.onnx,2.3119111180305483,336.28,80.894,CNN
xcit_large_24_p8_224_224.onnx,21.06180329322815,721.22,84.392,Transformer
mixnet_l.ft_in1k_224.onnx,0.3917863965034485,28.18,78.976,CNN
mixnet_s.ft_in1k_224.onnx,0.19668965339660643,15.92,75.992,CNN
tf_efficientnet_b2.ns_jft_in1k_260.onnx,0.44966429471969604,34.77,82.380,CNN
maxvit_rmlp_small_rw_224_224.onnx,1.9901416897773743,248.05,84.484,Transformer
sequencer2d_m_224.onnx,1.73617844581604,147.18,82.806,CNN
hrnet_w18_224.onnx,0.7222230434417725,81.35,76.758,CNN
mobilevitv2_100_256.onnx,0.4172741651535034,18.81,78.090,Transformer
gluon_resnet101_v1d_224.onnx,1.1975707411766052,169.86,80.414,CNN
mnasnet_small.lamb_in1k_224.onnx,0.04100320339202881,7.75,66.206,CNN
cs3edgenet_x_288.onnx,2.0951261281967164,182.39,82.702,CNN
crossvit_18_dagger_240_240.onnx,1.5466951966285705,169.21,82.518,Transformer
dla102x_224.onnx,0.9167298197746276,100.25,78.510,CNN
mixer_b16_224_miil_224.onnx,1.7938173413276672,228.52,82.308,CNN
tf_efficientnet_lite1.in1k_240.onnx,0.23305761814117432,20.67,76.642,CNN
levit_128s_224.onnx,0.07515901327133179,30.33,76.530,Transformer
mobilenetv3_large_100.miil_in21k_ft_in1k_224.onnx,0.0923487663269043,20.91,77.916,CNN
xcit_large_24_p8_384_dist_384.onnx,67.03470499515534,721.22,86.000
tf_efficientnet_b0.aa_in1k_224.onnx,0.22029093503952027,20.22,76.848,CNN
xcit_small_24_p16_224_224.onnx,1.6217149496078491,182.29,82.580,Transformer
tf_efficientnet_b4.ap_in1k_380.onnx,1.6247737288475037,73.72,83.248,CNN
vit_large_patch14_clip_224.openai_ft_in12k_in1k_224.onnx,11.68532919883728,1160.66,88.168,Transformer
rexnet_130_224.onnx,0.23424075841903685,28.79,79.500,CNN
cait_xxs36_224_224.onnx,0.8500539422035217,66.37,79.750,Transformer
xcit_small_24_p8_224_dist_224.onnx,6.048299956321716,182.13,84.876,Transformer
convnext_small.fb_in1k_288.onnx,2.80627019405365,191.80,83.706,CNN
cait_s24_384_384.onnx,6.848039019107818,179.78,85.046,Transformer
tv_resnet152_224.onnx,1.7108558416366577,229.40,78.312,CNN
tf_efficientnet_b8.ap_in1k_672.onnx,15.87368153333664,333.01,85.370,CNN
vit_base_patch32_clip_384.laion2b_ft_in12k_in1k_384.onnx,1.7713181495666503,336.94,85.372,Transformer
vit_base_patch32_384.augreg_in1k_384.onnx,1.7688629508018494,336.93,78.760,Transformer
convnext_tiny.fb_in22k_ft_in1k_288.onnx,1.5261707544326781,109.17,78.908,CNN
tf_efficientnet_b7.ns_jft_in1k_600.onnx,10.142941331863403,252.76,86.840,CNN
vit_base_patch16_384.augreg_in21k_ft_in1k_384.onnx,7.642662012577057,331.45,86.006,Transformer
vit_large_patch14_clip_336.openai_ft_in12k_in1k_336.onnx,27.32234743833542,1161.91,88.266,Transformer
tf_efficientnet_b5.ap_in1k_456.onnx,3.233696758747101,115.80,84.252,CNN
vgg19_bn_224.onnx,2.765995240211487,548.06,74.214,CNN
tv_resnet50_224.onnx,0.6048446416854858,97.41,76.138,CNN
convnext_large.fb_in22k_ft_in1k_288.onnx,9.072325646877289,754.64,87.016,CNN
dla60x_c_224.onnx,0.12860835790634156,5.04,67.892,CNN
resnest269e_416.onnx,11.531854963302612,422.95,84.518,CNN
xcit_nano_12_p16_384_dist_384.onnx,0.45676223039627073,11.87,75.458,Transformer
crossvit_tiny_240_240.onnx,0.42429715394973755,27.03,73.324,Transformer
deit3_medium_patch16_224_224.onnx,1.1892280459403992,148.31,83.080,Transformer
seresnet152d_320.onnx,3.4443029522895814,254.82,84.362,CNN
lcnet_050.ra2_in1k_224.onnx,0.028936433792114257,7.19,63.100,CNN
tv_resnext50_32x4d_224.onnx,0.6434547901153564,95.37,77.620,CNN
regnety_008_224.onnx,0.14797558784484863,23.87,76.316,CNN
dla169_224.onnx,1.7089147448539734,203.56,78.688,CNN
regnetz_d8_320.onnx,1.3804134488105775,89.07,84.050,CNN
tf_efficientnet_b2.ap_in1k_260.onnx,0.45096209049224856,34.77,80.300,CNN
xcit_small_24_p8_224_224.onnx,6.027750051021576,182.13,83.838,Transformer
rexnet_150_224.onnx,0.28668138980865476,37.05,80.310,CNN
vit_base_patch16_224.augreg_in1k_224.onnx,2.3813254117965696,330.34,79.154,Transformer
coatnet_1_rw_224_224.onnx,1.5968196034431457,183.06,83.608,Transformer
dla102x2_224.onnx,1.4535495162010192,157.27,79.448,CNN
twins_pcpvt_base_224.onnx,1.2142172813415528,167.51,82.708,Transformer
sequencer2d_l_224.onnx,2.6050167322158813,208.71,83.406,CNN
res2net50_26w_4s_224.onnx,0.6439520597457886,97.97,77.964,CNN
hrnet_w18_small_v2_224.onnx,0.43311543464660646,59.53,75.114,CNN
deit_base_distilled_patch16_384_384.onnx,7.657608079910278,334.39,85.422,Transformer
vgg19_224.onnx,2.7703314065933227,548.06,72.368,CNN
gluon_resnext101_64x4d_224.onnx,2.2637641549110414,318.02,80.604,CNN
resmlp_24_distilled_224_224.onnx,0.9067039489746094,114.63,80.766,CNN
mobilenetv3_rw.rmsp_in1k_224.onnx,0.09203529357910156,20.90,75.634,CNN
coatnet_bn_0_rw_224_224.onnx,0.945011043548584,116.39,82.398,Transformer
lcnet_100.ra2_in1k_224.onnx,0.06628059148788452,11.27,72.114,CNN
resnet18_224.onnx,0.26722303628921507,44.58,69.748,CNN
resnet18d_224.onnx,0.3037286400794983,44.66,72.260,CNN
ese_vovnet19b_dw_224.onnx,0.2362278699874878,24.96,76.798,CNN
resnet26_224.onnx,0.3498710036277771,60.97,75.292,CNN
resnet34_224.onnx,0.5393713712692261,83.14,75.110,CNN
resnet26d_224.onnx,0.385356605052948,61.05,76.696,CNN
resnext26ts_256.onnx,0.4244023561477661,39.25,76.780,CNN
resnet34d_224.onnx,0.5675763249397278,83.21,77.116,CNN
gcresnext26ts_256.onnx,0.43008444309234617,39.98,77.814,CNN
resnet26t_256.onnx,0.46699042320251466,61.04,77.882,CNN
eca_resnext26ts_256.onnx,0.433303701877594,39.26,77.452,CNN
seresnext26ts_256.onnx,0.4272052764892578,39.60,77.866,CNN
ecaresnet50d_pruned_224.onnx,0.4177919507026672,76.03,79.716,CNN
resnetv2_50_224.onnx,0.6119138121604919,97.59,80.432,CNN
densenet121_224.onnx,0.47571597099304197,30.81,75.578,CNN
resnet50_224.onnx,0.6087064146995544,97.41,80.374,CNN
resnet32ts_256.onnx,0.7174249410629272,68.48,79.004,CNN
resnet50d_224.onnx,0.642475938796997,97.49,80.530,CNN
resnet33ts_256.onnx,0.7409513711929321,75.01,79.214,CNN
gcresnet33ts_256.onnx,0.7470065832138062,75.86,80.082,CNN
gcresnext50ts_256.onnx,0.6801377415657044,59.81,80.580,CNN
seresnet33ts_256.onnx,0.7418643474578858,75.42,80.352,CNN
eca_resnet33ts_256.onnx,0.7384482979774475,75.03,80.078,CNN
ecaresnet101d_pruned_224.onnx,0.5696078062057495,94.88,80.818,CNN
gcresnet50t_256.onnx,0.7541783571243286,98.82,80.940,CNN
seresnext26d_32x4d_224.onnx,0.42690441608428953,64.07,77.602,CNN
seresnext26t_32x4d_224.onnx,0.42749265432357786,64.06,77.986,CNN
densenetblur121d_224.onnx,0.5217314958572388,30.89,76.588,CNN
ese_vovnet39b_224.onnx,0.978272557258606,93.72,79.320,CNN
resnet50_gn_224.onnx,0.6492885112762451,97.60,80.052,CNN
resnetblur50_224.onnx,0.7582818269729614,97.46,79.286,CNN
ecaresnetlight_224.onnx,0.6521124720573426,114.99,80.462,CNN
resnext50d_32x4d_224.onnx,0.6793301105499268,95.45,79.676,CNN
ecaresnet50d_224.onnx,0.6836004137992859,97.51,80.592,CNN
seresnet50_224.onnx,0.6375639200210571,107.09,80.274,CNN
resnext50_32x4d_224.onnx,0.640603494644165,95.37,81.118,CNN
dpn68b_224.onnx,0.4089604616165161,48.17,79.216,CNN
resnetv2_101_224.onnx,1.1831284999847411,170.18,82.030,CNN
resnet101_224.onnx,1.1847635626792907,169.79,81.938,CNN
seresnext50_32x4d_224.onnx,0.6751740217208863,105.04,81.266,CNN
wide_resnet50_2_224.onnx,1.5744874119758605,262.66,81.456,CNN
resnet152_224.onnx,1.7122673392295837,229.40,82.822,CNN
ecaresnet101d_224.onnx,1.286394226551056,169.91,82.172,CNN
regnety_120_224.onnx,1.7244425773620606,197.55,80.366,CNN
seresnextaa101d_32x8d_288.onnx,4.1134823083877565,356.71,84.568,CNN
