model_name,nano_gpu_latency,openvino_latency,vim3_latency,raspi4_tflite_latency
yolo3d1w25_160,0.0222619557380675,0.0025207630793253,0.011241,0.0445033333333333
yolo3d1w25_192,0.0263645088672637,0.0031440496444701,0.0144893333333333,0.06141
yolo3d1w25_224,0.0292337226867675,0.0039239867528279,0.018624,0.0819433333333333
yolo3d1w25_256,0.0330938919385273,0.0047668313980102,0.0242236666666666,0.0998666666666666
yolo3d1w25_288,0.0470762165387471,0.0056349782148996,0.0321,0.12843
yolo3d1w25_320,0.0536365878582,0.0067240317662556,0.0404166666666666,0.1673133333333333
yolo3d1w25_352,0.0613036274909972,0.0075853558381398,0.0510843333333333,0.20052
yolo3d1w25_384,0.0678705855210621,0.010598128636678,0.0574516666666666,0.2398866666666666
yolo3d1w25_416,0.0808693091074625,0.010617777109146,0.0674016666666666,0.2806633333333333
yolo3d1w25_448,0.0907123812039692,0.0115778585275014,0.077239,0.3336333333333334
yolo3d1w25_480,0.1027054782708485,0.0131076276302337,0.0850176666666666,0.3898433333333333
yolo3d1w5_160,0.0467270851135253,0.0068796090284983,0.023434,0.1926466666666666
yolo3d1w5_192,0.0578193298975626,0.00860214193662,0.0313053333333333,0.2628466666666667
yolo3d1w5_224,0.069667721192042,0.0110026947657267,0.040415,0.3682166666666666
yolo3d1w5_256,0.076470384200414,0.0135770368576049,0.052076,0.3866066666666667
yolo3d1w5_288,0.1084005022048949,0.0160590811570485,0.072295,0.4938933333333333
yolo3d1w5_320,0.122492640018463,0.019327026605606,0.0917366666666666,0.6003599999999999
yolo3d1w5_352,0.1383721550305684,0.0227987205982208,0.1111716666666666,0.72506
yolo3d1w5_384,0.1520987017949422,0.0264409871896107,0.1214863333333333,0.8611766666666667
yolo3d1w5_416,0.1869676689306894,0.0306375781695047,0.1420953333333333,1.0280833333333332
yolo3d1w5_448,0.2011905356248219,0.034625599781672,0.1674599999999999,1.2042866666666665
yolo3d1w5_480,0.2245283011595407,0.0392134110132852,0.1948096666666666,1.3851933333333333
yolo3d1w75_160,0.0843962510426838,0.013544244368871,0.0398423333333333,0.45949
yolo3d1w75_192,0.1061069663365681,0.0170646289984384,0.0527866666666666,0.6359866666666667
yolo3d1w75_224,0.1279171117146809,0.0218204283714294,0.0671906666666666,0.8736566666666666
yolo3d1w75_256,0.1396159811814625,0.0273546501000721,0.084282,0.9029433333333332
yolo3d1w75_288,0.2058749771118163,0.0324707102775573,0.1231979999999999,1.1550433333333332
yolo3d1w75_320,0.2336194066206613,0.0393939320246378,0.1425463333333333,1.4409066666666668
yolo3d1w75_352,0.2600041262308756,0.0463269360860187,0.1659136666666666,1.7610666666666666
yolo3d1w75_384,0.2840756626923879,0.0539015090465545,0.1893646666666667,2.0909566666666666
yolo3d1w75_416,0.3461512966950734,0.0646643718083699,0.2287756666666666,2.4497566666666666
yolo3d1w75_448,0.3692186419169108,0.0745237843195597,0.2540023333333333,2.821236666666667
yolo3d1w75_480,0.4089714701970418,0.0856085320313771,0.3034526666666666,3.257303333333333
yolo3d33w1_160,0.087497622569402,0.0144725426038105,0.042859,0.57485
yolo3d33w1_192,0.1130472171306609,0.0183874674638112,0.052173,0.7844199999999999
yolo3d33w1_224,0.1318171656131744,0.0236808494726816,0.068019,1.0964133333333337
yolo3d33w1_256,0.144781992038091,0.0298980434735615,0.080101,1.1286466666666666
yolo3d33w1_288,0.2159503356615701,0.0358140393098194,0.113842,1.4393166666666666
yolo3d33w1_320,0.2454429304599762,0.0436020735899606,0.1343846666666666,1.7668166666666665
yolo3d33w1_352,0.271472829580307,0.051556171576182,0.169038,2.1454733333333333
yolo3d33w1_384,0.332182320356369,0.0605084554354349,0.187405,2.5551666666666666
yolo3d33w1_416,0.4025642498334248,0.0730541348457335,0.2220903333333333,3.0008166666666667
yolo3d33w1_448,0.427312071720759,0.1008276383082071,0.2642683333333333,3.43544
yolo3d33w1_480,0.4709658626715341,0.0984146432081857,0.2826283333333333,3.9582
yolo3d33w75_160,0.0574531392256418,0.0090685268243153,0.026341,0.3072366666666666
yolo3d33w75_192,0.0723153277238209,0.0114444402853647,0.0345046666666666,0.4219266666666666
yolo3d33w75_224,0.0875852318604786,0.0147458148002624,0.0438973333333333,0.58451
yolo3d33w75_256,0.0960602303345997,0.018288923104604,0.056038,0.5995633333333333
yolo3d33w75_288,0.1400674490133921,0.021882961988449,0.0777066666666666,0.7657400000000001
yolo3d33w75_320,0.1608373816808064,0.0266656839847564,0.0897056666666666,0.9429466666666668
yolo3d33w75_352,0.1802847560246785,0.031465363105138,0.1098033333333333,1.1678866666666667
yolo3d33w75_384,0.1997659210364023,0.0365542757511138,0.1353143333333333,1.3784833333333333
yolo3d33w75_416,0.2435952150821685,0.0430746285120645,0.1496856666666666,1.6217233333333334
yolo3d33w75_448,0.2607617870966592,0.0496027592817941,0.179175,1.8666366666666667
yolo3d33w75_480,0.2902038236459096,0.0563496943314869,0.1928006666666667,2.1399700000000004
yolo3d67w1_160,0.1055520808696746,0.0179267946879068,0.050601,0.7084999999999999
yolo3d67w1_192,0.1382391309738159,0.0224068534374236,0.0637506666666666,0.9605433333333332
yolo3d67w1_224,0.1593776357173918,0.0288428378105163,0.0846239999999999,1.3663866666666664
yolo3d67w1_256,0.1735469738642374,0.0363752162456512,0.0975026666666666,1.3754933333333332
yolo3d67w1_288,0.2592685218652089,0.0531469619274138,0.1359793333333333,1.7540966666666666
yolo3d67w1_320,0.2928062625726064,0.064070652325948,0.167937,2.137466666666666
yolo3d67w1_352,0.3237149306138356,0.0629121875762939,0.194808,2.5724066666666663
yolo3d67w1_384,0.3984146420160929,0.0727351943651834,0.2273853333333333,3.111356666666667
yolo3d67w1_416,0.4843817524115244,0.0870438440640766,0.2608323333333333,3.683673333333333
yolo3d67w1_448,0.5117486902077993,0.1046570634841918,0.313807,4.189863333333333
yolo3d67w1_480,0.5602788666884104,0.1240088764826456,0.3501256666666667,4.85585
yolo3d67w25_160,0.0189341461658477,0.0020402665932972,0.0091886666666666,0.03751
yolo3d67w25_192,0.0221409058570861,0.0025268761316934,0.012308,0.0512766666666666
yolo3d67w25_224,0.0248323694864908,0.0032159694035847,0.015869,0.0708
yolo3d67w25_256,0.0282248767217,0.0039387615521748,0.02047,0.0844066666666666
yolo3d67w25_288,0.039945108493169,0.0045545597871144,0.0270383333333333,0.10903
yolo3d67w25_320,0.0458213214079538,0.0054515373706817,0.030081,0.1338833333333333
yolo3d67w25_352,0.0518825443585712,0.0064458048343658,0.041031,0.1646433333333333
yolo3d67w25_384,0.058093127409617,0.0072996008396148,0.0429386666666666,0.1959033333333333
yolo3d67w25_416,0.0685739115873972,0.0084919842084248,0.050335,0.2298066666666667
yolo3d67w25_448,0.0768529109160104,0.0114593370755513,0.0612423333333333,0.2726733333333333
yolo3d67w25_480,0.0869071698188781,0.0108310258388518,0.071259,0.3142566666666667
yolo3d67w5_160,0.0388211290041605,0.0056762695312499,0.0185753333333333,0.1620866666666666
yolo3d67w5_192,0.047922435204188,0.0070261593659718,0.0261746666666666,0.2188
yolo3d67w5_224,0.0574143171310424,0.0089202864964802,0.0319173333333333,0.3103633333333333
yolo3d67w5_256,0.0629800883928934,0.011028827826182,0.0408236666666666,0.3056266666666666
yolo3d67w5_288,0.0893042469024657,0.0130529375871022,0.0563553333333333,0.4039533333333334
yolo3d67w5_320,0.1015309993426004,0.0156870861848195,0.067534,0.4893133333333333
yolo3d67w5_352,0.1138634578386942,0.0185082109769185,0.0881626666666666,0.5882933333333333
yolo3d67w5_384,0.1263642863432565,0.0212868511676787,0.094725,0.7052866666666667
yolo3d67w5_416,0.1540076450506845,0.0251221243540445,0.1181463333333333,0.8264133333333333
yolo3d67w5_448,0.1666717739899953,0.0283654352029164,0.1241586666666666,0.96312
yolo3d67w5_480,0.1858790898323058,0.0321733637650807,0.143032,1.10888
yolo3l_160,0.1306931813557942,0.0218806417783101,0.06455,0.8726333333333334
yolo3l_192,0.1686144415537516,0.0278924576441446,0.080811,1.1935433333333334
yolo3l_224,0.1947200330098469,0.0358014460404713,0.1046926666666666,1.66047
yolo3l_256,0.2111972669760386,0.0452231653531391,0.1225853333333333,1.738743333333333
yolo3l_288,0.3165568264325459,0.0536991500854492,0.1823536666666666,2.193823333333333
yolo3l_320,0.3594863013426462,0.0656414163112639,0.201367,2.6647800000000004
yolo3l_352,0.3976337202390034,0.0782777635256449,0.255705,3.2548833333333334
yolo3l_384,0.4886992303530375,0.1075303574403126,0.288038,3.889236666666666
yolo3l_416,0.5982058767477672,0.1174672043323516,0.343782,4.583379999999999
yolo3l_448,0.626818826198578,0.1375132942199707,0.378309,5.243659999999999
yolo3l_480,0.6898367659250896,0.159386039574941,0.4244736666666666,6.06806
yolo3m_160,0.0689143554369608,0.0109466842810312,0.031629,0.3873366666666666
yolo3m_192,0.0872413158416747,0.0137760917345682,0.0412713333333333,0.5216966666666667
yolo3m_224,0.1047519135475158,0.0176685349146525,0.055512,0.7315633333333333
yolo3m_256,0.1145346331596374,0.0220513637860615,0.0657893333333333,0.7127233333333334
yolo3m_288,0.1685590664545694,0.0263042378425597,0.0920733333333333,0.94665
yolo3m_320,0.192442242304484,0.0318968002001444,0.1061606666666666,1.1660366666666668
yolo3m_352,0.2129430711269378,0.0375954214731851,0.136849,1.4148066666666663
yolo3m_384,0.2341122039159139,0.0436954716841379,0.148614,1.664656666666667
yolo3m_416,0.2858687583605449,0.0514795271555582,0.1889289999999999,1.96173
yolo3m_448,0.3039355711142221,0.0597265775998433,0.208168,2.270896666666667
yolo3m_480,0.3371420367558797,0.0668758646647135,0.2259426666666666,2.6192066666666665
yolo3n_160,0.0162782390912373,0.0016511817773182,0.007967,0.03153
yolo3n_192,0.0191729708512623,0.0020789452393849,0.010729,0.0434299999999999
yolo3n_224,0.0220433537165323,0.002626806894938,0.0128233333333333,0.0589533333333333
yolo3n_256,0.0251525151729583,0.0032146084308623,0.01664,0.0725433333333333
yolo3n_288,0.0354841037591298,0.0038694751262664,0.0247056666666666,0.0947166666666666
yolo3n_320,0.040623968442281,0.0046393028895059,0.0280096666666666,0.11453
yolo3n_352,0.046330044666926,0.0054591206709543,0.036207,0.1390966666666666
yolo3n_384,0.0512650374571482,0.0062640372912088,0.0401176666666666,0.1735166666666666
yolo3n_416,0.0610733652114867,0.0076355222860971,0.0435293333333333,0.2020133333333333
yolo3n_448,0.0686830619970957,0.008276521762212,0.0536776666666666,0.2353066666666666
yolo3n_480,0.0777641987800597,0.009351881345113,0.062704,0.2669433333333333
yolo3s_160,0.033006563981374,0.0046714484691619,0.015635,0.1289666666666666
yolo3s_192,0.0407456322511036,0.005891751050949,0.0219826666666666,0.1829233333333333
yolo3s_224,0.0486008580525715,0.007464081843694,0.0273709999999999,0.25142
yolo3s_256,0.0538399521509805,0.0092711699008941,0.037827,0.2578033333333333
yolo3s_288,0.0755860610802968,0.0110056213537851,0.0476493333333333,0.32805
yolo3s_320,0.086056351661682,0.0131937630971272,0.0574616666666666,0.4071533333333333
yolo3s_352,0.0967566792170206,0.019122956196467,0.0758596666666666,0.48704
yolo3s_384,0.1082984681924184,0.0178951525688171,0.0807966666666666,0.5697366666666667
yolo3s_416,0.1332688963413238,0.021297134955724,0.1023626666666666,0.6857433333333334
yolo3s_448,0.1436726963520049,0.0239830120404561,0.1059276666666666,0.8145066666666666
yolo3s_480,0.1614089504877725,0.0271533342202504,0.1229353333333333,0.9192533333333331
yolo4d1w25_160,0.0294407200813292,0.002864441871643,0.016252,0.0360999999999999
yolo4d1w25_192,0.0312631734212239,0.0032513014475504,0.0204463333333333,0.0504699999999999
yolo4d1w25_224,0.0320662140846252,0.0039593291282653,0.0256596666666666,0.0682433333333333
yolo4d1w25_256,0.0359675971666971,0.0046174573898315,0.0327346666666666,0.0861933333333333
yolo4d1w25_288,0.0496052618821461,0.0056041105588276,0.0443869999999999,0.1139266666666666
yolo4d1w25_320,0.0556539432207743,0.0063449398676554,0.0542616666666666,0.1390733333333333
yolo4d1w25_352,0.0651383511225382,0.0074692952632903,0.064286,0.1713166666666666
yolo4d1w25_384,0.0716371456782022,0.0083650056521097,0.0750323333333333,0.20553
yolo4d1w25_416,0.0866077788670857,0.0098197627067565,0.0832673333333333,0.2498566666666667
yolo4d1w25_448,0.0950548414389292,0.01084796945254,0.095304,0.2903666666666666
yolo4d1w25_480,0.1068845498561858,0.0122900998592376,0.112136,0.3450366666666666
yolo4d1w5_160,0.0471994431813557,0.0068088424205779,0.03046,0.1562066666666667
yolo4d1w5_192,0.0587350734074909,0.0081592814127603,0.0381553333333333,0.2147566666666666
yolo4d1w5_224,0.0693344620863596,0.0101131796836852,0.0506686666666666,0.30358
yolo4d1w5_256,0.076953035990397,0.0122999385992685,0.064612,0.3089533333333333
yolo4d1w5_288,0.1119486061731973,0.0145797236760457,0.090747,0.3959533333333334
yolo4d1w5_320,0.1262264176209767,0.017075795729955,0.112966,0.4976233333333333
yolo4d1w5_352,0.1415583022435506,0.0199425470829009,0.1280716666666666,0.5931666666666666
yolo4d1w5_384,0.1586724797884622,0.0231705816586811,0.1465526666666666,0.7125166666666667
yolo4d1w5_416,0.1920911904176075,0.0267312729358672,0.179458,0.8475999999999999
yolo4d1w5_448,0.2092390429973602,0.0303811593850453,0.2013446666666666,0.9958166666666668
yolo4d1w5_480,0.2354116972287495,0.0344997696081796,0.2294716666666666,1.1526466666666666
yolo4d1w75_160,0.0838834981123606,0.0127849781513213,0.0446053333333333,0.37057
yolo4d1w75_192,0.1059355457623799,0.0158060161272684,0.058965,0.51405
yolo4d1w75_224,0.1245938392480213,0.0201524718602497,0.0770213333333333,0.7218066666666667
yolo4d1w75_256,0.1353975665569304,0.0268830430507659,0.0974663333333333,0.7227066666666667
yolo4d1w75_288,0.19290154616038,0.0289933943748473,0.1401443333333333,0.9266266666666666
yolo4d1w75_320,0.226742029984792,0.0347706611951191,0.1627016666666666,1.14726
yolo4d1w75_352,0.2547598588466644,0.0405915315945942,0.1941606666666666,1.3986533333333335
yolo4d1w75_384,0.2844150070349375,0.0466495255629221,0.22379,1.662626666666667
yolo4d1w75_416,0.3440563805898031,0.0549308609962462,0.2708753333333333,1.9593333333333327
yolo4d1w75_448,0.3746321765581766,0.0627390937010446,0.297166,2.263196666666667
yolo4d1w75_480,0.4191465679804483,0.0725092864036559,0.3477016666666666,2.650733333333333
yolo4d33w1_160,0.0916165232658385,0.0149288781483967,0.053493,0.5241933333333333
yolo4d33w1_192,0.1219827143351236,0.018764362335205,0.065685,0.71531
yolo4d33w1_224,0.1444073025385538,0.0236290498574574,0.092699,1.0119333333333334
yolo4d33w1_256,0.1605838739871978,0.0298439526557922,0.1068673333333333,0.9992533333333332
yolo4d33w1_288,0.2240317753950754,0.0348286934693653,0.1613326666666666,1.29775
yolo4d33w1_320,0.2583322314421336,0.0424414197603861,0.1875153333333333,1.60056
yolo4d33w1_352,0.2892358938852946,0.049762524763743,0.22207,1.91902
yolo4d33w1_384,0.3390317344665527,0.0580962355931599,0.2543543333333333,2.276963333333333
yolo4d33w1_416,0.4106758240858713,0.0677543032169341,0.302166,2.7019966666666666
yolo4d33w1_448,0.4442914652824402,0.0793185663223266,0.342384,3.09668
yolo4d33w1_480,0.4977182324727376,0.0942964645226795,0.383519,3.569926666666667
yolo4d33w75_160,0.0626001608371734,0.0097629793485005,0.0375136666666666,0.2810033333333333
yolo4d33w75_192,0.0803809730211893,0.0118452688058216,0.0508456666666666,0.3886266666666667
yolo4d33w75_224,0.0960145294666289,0.0149930298328399,0.0636866666666666,0.54575
yolo4d33w75_256,0.1061688216527302,0.018348753452301,0.078145,0.5357666666666667
yolo4d33w75_288,0.1500922242800394,0.0217812307675679,0.1171743333333333,0.70318
yolo4d33w75_320,0.1760821096102396,0.0264367504914601,0.1418163333333333,0.8681899999999999
yolo4d33w75_352,0.1990171865622202,0.0311558051904042,0.1612103333333333,1.0622133333333337
yolo4d33w75_384,0.2253380306561787,0.0357557082176208,0.185298,1.254473333333333
yolo4d33w75_416,0.2726386511325836,0.0417471047242482,0.2262823333333333,1.5043733333333336
yolo4d33w75_448,0.2989122052987416,0.0479869425296783,0.2425276666666666,1.7128933333333334
yolo4d33w75_480,0.3350995234648386,0.054444670677185,0.274257,1.99952
yolo4d67w1_160,0.1021313909689585,0.0165697801113128,0.0565873333333333,0.58372
yolo4d67w1_192,0.1364117813110351,0.0207858582337696,0.0726786666666666,0.80897
yolo4d67w1_224,0.1606363030274709,0.0262801758448282,0.0973339999999999,1.13504
yolo4d67w1_256,0.1780934798717498,0.033145945072174,0.1144726666666666,1.1097333333333332
yolo4d67w1_288,0.2478740906715393,0.0388984660307566,0.1709809999999999,1.4319366666666669
yolo4d67w1_320,0.2839034299055735,0.0472060044606526,0.1996796666666666,1.7539033333333334
yolo4d67w1_352,0.3147171692053476,0.055313289562861,0.2357789999999999,2.1233466666666665
yolo4d67w1_384,0.3692338677247364,0.0656235492229461,0.270692,2.529903333333333
yolo4d67w1_416,0.4444188062349956,0.0769345867633819,0.3293496666666666,2.95049
yolo4d67w1_448,0.4806024769941965,0.0907001701990763,0.3609203333333333,3.4378966666666666
yolo4d67w1_480,0.5362299315134683,0.1005703250567117,0.42079,4.022966666666666
yolo4d67w25_160,0.0254631654421488,0.0022657299041747,0.014107,0.0321333333333333
yolo4d67w25_192,0.0260518586635589,0.002676697174708,0.01861,0.0442799999999999
yolo4d67w25_224,0.0275597023963928,0.0033224817117054,0.0227056666666666,0.06064
yolo4d67w25_256,0.0312380552291869,0.0039330434799194,0.0279353333333333,0.0771566666666666
yolo4d67w25_288,0.043108205795288,0.0047716744740803,0.0396526666666666,0.0999899999999999
yolo4d67w25_320,0.0495674582322438,0.0062549086411793,0.0465126666666666,0.1252133333333333
yolo4d67w25_352,0.0572785186767577,0.0063715608914692,0.0596696666666666,0.15171
yolo4d67w25_384,0.064218992392222,0.0072048421700794,0.0663853333333333,0.18073
yolo4d67w25_416,0.0765146799882252,0.0084973716735839,0.0766056666666666,0.21077
yolo4d67w25_448,0.084617275794347,0.0093026689688364,0.0840946666666666,0.2499366666666666
yolo4d67w25_480,0.0953042896588643,0.010570466518402,0.098933,0.2942466666666666
yolo4d67w5_160,0.0401548687616983,0.0056509923934935,0.027495,0.1333366666666666
yolo4d67w5_192,0.0502957236766814,0.0068975114822387,0.0335173333333333,0.18264
yolo4d67w5_224,0.059680083990097,0.0085068241755167,0.0444586666666666,0.2541633333333333
yolo4d67w5_256,0.0668402540683746,0.0105971753597259,0.0569586666666666,0.2553066666666666
yolo4d67w5_288,0.0936343546708424,0.0123255685965219,0.085422,0.3321033333333333
yolo4d67w5_320,0.1071008857091267,0.0146587526798247,0.0998226666666666,0.4197966666666666
yolo4d67w5_352,0.1210148767630258,0.0169628449281056,0.1183886666666666,0.50792
yolo4d67w5_384,0.1366830853621164,0.0197837078571319,0.128429,0.6088366666666667
yolo4d67w5_416,0.1648931137720743,0.0229943271478016,0.1572326666666667,0.7187100000000001
yolo4d67w5_448,0.1809375611941019,0.0259334071477253,0.169106,0.84632
yolo4d67w5_480,0.2045066718260446,0.0291938793659209,0.1919676666666666,0.9665366666666668
yolo4l_160,0.1231609400113423,0.0196122662226358,0.063402,0.6907966666666666
yolo4l_192,0.1612120521068572,0.0248520787556965,0.0803606666666666,0.9449933333333332
yolo4l_224,0.1890918672084807,0.0312946577866871,0.1113413333333333,1.33291
yolo4l_256,0.208147641023,0.0394960963726043,0.1305213333333333,1.3330133333333334
yolo4l_288,0.2910942669709523,0.0461653884251911,0.1959533333333333,1.72165
yolo4l_320,0.3307232213020324,0.0560610445340474,0.2272283333333333,2.093066666666666
yolo4l_352,0.3666558619340261,0.0662580207983652,0.2691613333333333,2.503956666666667
yolo4l_384,0.4255180144309997,0.0818353947003681,0.318788,3.03371
yolo4l_416,0.5139301609992981,0.0974292667706807,0.3675423333333333,3.56368
yolo4l_448,0.554429447253545,0.1104304142793019,0.4165703333333333,4.122533333333334
yolo4l_480,0.6177463181813557,0.1284829119841257,0.4660686666666667,4.740196666666667
yolo4m_160,0.0697999807198842,0.0108268805344899,0.041003,0.31484
yolo4m_192,0.0897549720605214,0.0132552552223205,0.0516793333333333,0.4360033333333333
yolo4m_224,0.1054865709940592,0.016824714342753,0.0701036666666666,0.59979
yolo4m_256,0.1158693758646647,0.0204624287287393,0.0822883333333333,0.6070633333333334
yolo4m_288,0.1647804347674051,0.0241437582174936,0.128395,0.7825533333333333
yolo4m_320,0.1937792722384134,0.0288568043708801,0.1425413333333333,0.96086
yolo4m_352,0.2174387876192728,0.0339611021677652,0.1770206666666666,1.18315
yolo4m_384,0.2453711684544881,0.0392442735036214,0.1961809999999999,1.3898066666666666
yolo4m_416,0.2966975712776183,0.0461957275867461,0.2375286666666667,1.6478266666666668
yolo4m_448,0.3247627349694569,0.0529168776671091,0.25903,1.8983466666666664
yolo4m_480,0.3630385641256968,0.0610257685184478,0.304534,2.2063366666666666
yolo4n_160,0.023398315111796,0.0021845865249633,0.0139236666666666,0.0297766666666666
yolo4n_192,0.0237212578455606,0.0023775255680083,0.0174286666666666,0.0410266666666666
yolo4n_224,0.0261161867777506,0.0029892559846242,0.0215429999999999,0.0555233333333333
yolo4n_256,0.0299849712848663,0.0035323007901509,0.0274829999999999,0.0710966666666666
yolo4n_288,0.040418087641398,0.0042955211798349,0.0392823333333333,0.0907933333333333
yolo4n_320,0.0460108311971028,0.0049703264236449,0.0460526666666666,0.1127866666666666
yolo4n_352,0.0540031441052754,0.0058398695786793,0.0567596666666666,0.1431733333333333
yolo4n_384,0.0601906017462412,0.0066049400965372,0.0602093333333333,0.1694966666666666
yolo4n_416,0.0719339243570963,0.007716124455134,0.0726786666666666,0.1997
yolo4n_448,0.0798125970363616,0.0085740872224171,0.082276,0.2409633333333333
yolo4n_480,0.0898997938632964,0.0113721259435017,0.0938296666666666,0.26993
yolo4s_160,0.0363927125930785,0.005130052169164,0.0259513333333333,0.11939
yolo4s_192,0.045444654226303,0.0062948473294575,0.031702,0.1627933333333333
yolo4s_224,0.0547988673051198,0.0076770583788553,0.04396,0.2259
yolo4s_256,0.0609803652763366,0.0094670764605203,0.0513593333333333,0.2353833333333333
yolo4s_288,0.0847185897827147,0.0110691765944162,0.081674,0.3050833333333333
yolo4s_320,0.0976452962557474,0.013209265867869,0.0907036666666666,0.38179
yolo4s_352,0.1113429057598113,0.0155481183528899,0.1131086666666666,0.45769
yolo4s_384,0.1251776218414306,0.0176212326685587,0.1265423333333333,0.54958
yolo4s_416,0.1520786730448404,0.0206613198916117,0.1402753333333333,0.6483800000000001
yolo4s_448,0.1673986653486887,0.0235747536023457,0.1672183333333333,0.77198
yolo4s_480,0.1882904620965322,0.026636521021525,0.1798766666666666,0.8786033333333334
yolo5d1w25_160,0.028999490737915,0.0023695683479308,0.0107103333333333,0.03017
yolo5d1w25_192,0.0293902770678201,0.0027839104334512,0.0141086666666666,0.0416833333333333
yolo5d1w25_224,0.0302074718475341,0.0034391085306803,0.0182013333333333,0.0559933333333333
yolo5d1w25_256,0.0324099040031432,0.0040563809871673,0.022749,0.0737533333333333
yolo5d1w25_288,0.0415085470676421,0.0055328647295633,0.032584,0.09542
yolo5d1w25_320,0.0465928022066751,0.0064197472731272,0.0386303333333333,0.1175666666666666
yolo5d1w25_352,0.0536476556460062,0.0065670061111449,0.046382,0.1468866666666666
yolo5d1w25_384,0.0619984690348306,0.0073479135831197,0.0526229999999999,0.17353
yolo5d1w25_416,0.0714704231421152,0.0085845863819122,0.0615446666666666,0.2082533333333333
yolo5d1w25_448,0.0776018098990122,0.0094211626052856,0.0702886666666666,0.2452266666666666
yolo5d1w25_480,0.0872268553574879,0.0107845187187194,0.079928,0.2866566666666666
yolo5d1w5_160,0.0426437779267628,0.0059811671574909,0.0213343333333333,0.1353233333333333
yolo5d1w5_192,0.0510055704911549,0.0075860857963561,0.0291136666666666,0.1823766666666666
yolo5d1w5_224,0.0599056494235991,0.0092322186628977,0.0387563333333333,0.2595466666666666
yolo5d1w5_256,0.0656903207302093,0.011153126557668,0.0467986666666666,0.2653966666666666
yolo5d1w5_288,0.0975582853953043,0.0129801833629608,0.0675123333333333,0.3477533333333333
yolo5d1w5_320,0.1096823720137277,0.0154618906974792,0.080091,0.4300833333333333
yolo5d1w5_352,0.1217489361763,0.0178418135643004,0.0933456666666666,0.5319966666666667
yolo5d1w5_384,0.1417854221661885,0.0203723426659901,0.1108626666666666,0.6338766666666666
yolo5d1w5_416,0.1726413905620575,0.0236086316903432,0.131389,0.7573566666666666
yolo5d1w5_448,0.1919415195782979,0.0268021488189696,0.1468006666666666,0.8708933333333334
yolo5d1w5_480,0.2118757299582162,0.0303796434402465,0.164429,1.0009766666666666
yolo5d1w75_160,0.0760164443651835,0.0119327457745869,0.0339116666666666,0.3291333333333333
yolo5d1w75_192,0.0943270055452982,0.0147107577323913,0.044878,0.45154
yolo5d1w75_224,0.1092891303698221,0.0182766517003377,0.0601606666666666,0.63156
yolo5d1w75_256,0.1166825155417124,0.022089902559916,0.0710759999999999,0.6439766666666666
yolo5d1w75_288,0.1688408815860748,0.0259138389428456,0.1073693333333333,0.8432333333333334
yolo5d1w75_320,0.198280959924062,0.0307678310076395,0.1249626666666666,1.0254333333333332
yolo5d1w75_352,0.219258120059967,0.0362410485744475,0.1518386666666666,1.26084
yolo5d1w75_384,0.2472356092929839,0.0413043069839477,0.172592,1.4758966666666666
yolo5d1w75_416,0.3077163084348042,0.0524112578233083,0.2063646666666666,1.7829366666666668
yolo5d1w75_448,0.3346478943030039,0.0548555346330006,0.2257523333333333,2.0668166666666665
yolo5d1w75_480,0.3756955281893412,0.0622368383407592,0.2552366666666666,2.35323
yolo5d33w1_160,0.0737900483608245,0.0125740138689676,0.0346993333333333,0.4142766666666667
yolo5d33w1_192,0.0964103043079375,0.0177905758221943,0.0465373333333333,0.57545
yolo5d33w1_224,0.1158071474234262,0.0193041535218556,0.063008,0.8070966666666667
yolo5d33w1_256,0.1264302357037862,0.0245732676982879,0.0714346666666666,0.7989466666666667
yolo5d33w1_288,0.1785194929440816,0.0281928773721058,0.1132493333333333,1.0522066666666663
yolo5d33w1_320,0.2056179034709929,0.0341587138175963,0.133153,1.2665266666666668
yolo5d33w1_352,0.2307710949579874,0.039758870601654,0.1571016666666666,1.54245
yolo5d33w1_384,0.2663981449604034,0.0457812066872914,0.1738849999999999,1.8078466666666664
yolo5d33w1_416,0.3228434801101684,0.0533076179027557,0.200512,2.1614566666666666
yolo5d33w1_448,0.3495060483614603,0.0627082141240437,0.2314943333333333,2.4776366666666667
yolo5d33w1_480,0.3928007638454436,0.0700581487019856,0.2536153333333333,2.868173333333333
yolo5d33w75_160,0.0501586922009785,0.0082150387763976,0.0247423333333333,0.22144
yolo5d33w75_192,0.0631113282839457,0.0100357655684152,0.0325573333333333,0.3060566666666666
yolo5d33w75_224,0.0751446207364399,0.0124313215414682,0.042854,0.4295199999999999
yolo5d33w75_256,0.0815250086784362,0.0149130217234293,0.0496833333333333,0.4262966666666667
yolo5d33w75_288,0.1139574603239694,0.0174691629409789,0.0783106666666666,0.5640166666666667
yolo5d33w75_320,0.1373257243633269,0.0208721033732096,0.0894266666666666,0.6946833333333333
yolo5d33w75_352,0.1519608521461486,0.0241085429986317,0.1095426666666666,0.8444633333333335
yolo5d33w75_384,0.1763534506162007,0.0277135737737019,0.1231406666666666,0.9974733333333332
yolo5d33w75_416,0.220377865632375,0.0324321738878885,0.144408,1.1941433333333331
yolo5d33w75_448,0.2396230824788411,0.0367412483692168,0.1637813333333333,1.36607
yolo5d33w75_480,0.2692821053663889,0.0414667836825052,0.177818,1.571516666666667
yolo5d67w1_160,0.0926663370927174,0.0152173594633737,0.041565,0.5081766666666666
yolo5d67w1_192,0.1218896579742431,0.0192388689517974,0.055764,0.7085866666666666
yolo5d67w1_224,0.1419488890965779,0.023978083928426,0.0730263333333333,0.9976633333333336
yolo5d67w1_256,0.1542757765452066,0.0305814218521117,0.0867313333333333,0.9905366666666668
yolo5d67w1_288,0.2179630823930104,0.0351416504383087,0.1338663333333333,1.29666
yolo5d67w1_320,0.2497449958324432,0.0424531098206837,0.1557833333333333,1.5766233333333333
yolo5d67w1_352,0.2796427758534749,0.0493953673044839,0.1885523333333333,1.93899
yolo5d67w1_384,0.3173670796553294,0.0576332835356394,0.2108866666666666,2.268443333333334
yolo5d67w1_416,0.3876924928029377,0.0676141281922657,0.2422766666666666,2.669666666666666
yolo5d67w1_448,0.4193188913663228,0.0795517663160959,0.2762163333333333,3.110746666666667
yolo5d67w1_480,0.4691223529974619,0.095928167104721,0.3075236666666667,3.5477233333333333
yolo5d67w25_160,0.0249820892016092,0.0019401303927103,0.0096453333333333,0.0267266666666666
yolo5d67w25_192,0.025599265495936,0.0023435350259144,0.0125503333333333,0.03605
yolo5d67w25_224,0.0264173634847005,0.0028920757770537,0.0156066666666666,0.0492299999999999
yolo5d67w25_256,0.0268906247615813,0.0034097258249918,0.0193226666666666,0.06358
yolo5d67w25_288,0.0364393500487009,0.0041640885670979,0.0283856666666666,0.0818
yolo5d67w25_320,0.0402021833260853,0.004779930114746,0.0323443333333333,0.1042366666666666
yolo5d67w25_352,0.0465862274169921,0.0055990008513132,0.0389343333333333,0.1259166666666666
yolo5d67w25_384,0.0512012950579325,0.0062453170617421,0.04511,0.1497566666666666
yolo5d67w25_416,0.0621346374352772,0.0073125481605529,0.052721,0.17949
yolo5d67w25_448,0.0684169820944467,0.0080794386068979,0.060181,0.2119933333333333
yolo5d67w25_480,0.078596581617991,0.0092081137498219,0.0686013333333333,0.24534
yolo5d67w5_160,0.0359287885824838,0.0051099359989165,0.0183306666666666,0.1151566666666666
yolo5d67w5_192,0.0431830461819966,0.0062841244538624,0.024197,0.1557866666666666
yolo5d67w5_224,0.0518019258975982,0.0078032632668812,0.0325503333333333,0.22195
yolo5d67w5_256,0.0565042368570963,0.0094969828923543,0.0411796666666666,0.22485
yolo5d67w5_288,0.0811884510517119,0.0109264723459879,0.0583456666666666,0.2949033333333333
yolo5d67w5_320,0.0921985097726186,0.0129810229937235,0.069207,0.3618433333333333
yolo5d67w5_352,0.103094390630722,0.0151546839872995,0.0806933333333333,0.43742
yolo5d67w5_384,0.1222355429331461,0.0172510886192321,0.0953189999999999,0.5310433333333333
yolo5d67w5_416,0.1479594139258066,0.0199239857991535,0.1093536666666666,0.6393966666666667
yolo5d67w5_448,0.1619416133562723,0.0225701848665872,0.124591,0.7362033333333334
yolo5d67w5_480,0.1835984977086384,0.030222181479136,0.1437896666666666,0.8476566666666666
yolo5l_160,0.1113085401058196,0.0181097010771432,0.0483,0.61607
yolo5l_192,0.1430174708366393,0.0229660872618357,0.06475,0.8373966666666667
yolo5l_224,0.1680332140127817,0.0286080956459044,0.0847023333333333,1.1824933333333334
yolo5l_256,0.1827391831080118,0.0366487590471903,0.10176,1.1815766666666667
yolo5l_288,0.258457695643107,0.0421490661303202,0.1548333333333333,1.5520133333333332
yolo5l_320,0.294153356552124,0.0508274789651234,0.180467,1.89376
yolo5l_352,0.3272070538997649,0.0591749882698058,0.2188613333333333,2.28452
yolo5l_384,0.3721501537164052,0.0747466115156809,0.243924,2.722386666666667
yolo5l_416,0.4522829008102416,0.0811428479353586,0.2832626666666666,3.2158866666666666
yolo5l_448,0.4854217859109243,0.0984947299957275,0.3261896666666666,3.726903333333333
yolo5l_480,0.5417136490345001,0.117514354387919,0.3608986666666667,4.319
yolo5m_160,0.0632749199867248,0.0102553518613179,0.029391,0.2746433333333333
yolo5m_192,0.0783746552467345,0.0121846866607665,0.0389576666666666,0.3810833333333334
yolo5m_224,0.0915010197957356,0.015369834502538,0.0516286666666666,0.5364833333333333
yolo5m_256,0.0990516297022501,0.0185136938095092,0.0600989999999999,0.5299200000000001
yolo5m_288,0.1416638243198394,0.0217134535312652,0.0927093333333333,0.6954233333333333
yolo5m_320,0.1665975069999694,0.0257497243086496,0.107149,0.8564066666666666
yolo5m_352,0.1855989468097686,0.0301165175437927,0.1307446666666666,1.0489233333333334
yolo5m_384,0.2116253586610158,0.0345243124167123,0.148173,1.2623133333333334
yolo5m_416,0.2641854480902354,0.0405272734165191,0.1739726666666666,1.4707400000000002
yolo5m_448,0.2886266314983368,0.0462766659259795,0.191554,1.711126666666667
yolo5m_480,0.3228711414337158,0.0518654052416483,0.2163796666666666,1.9707533333333327
yolo5n_160,0.0198317233721415,0.0015566523869831,0.0082036666666666,0.0226533333333333
yolo5n_192,0.0207228708267211,0.001873960494995,0.010241,0.0308833333333333
yolo5n_224,0.0218242971102396,0.0023903822898864,0.0129966666666666,0.0422866666666666
yolo5n_256,0.0222099081675211,0.0028014794985453,0.0159746666666666,0.0548333333333333
yolo5n_288,0.0297755420207977,0.0033448302745818,0.0232573333333333,0.0708466666666666
yolo5n_320,0.0345985682805378,0.0038716081778207,0.027084,0.0877899999999999
yolo5n_352,0.0405415137608845,0.0045634754498799,0.032585,0.1089133333333333
yolo5n_384,0.0436591752370197,0.0052216509977975,0.039002,0.13065
yolo5n_416,0.0526892936229705,0.006069039106369,0.0455323333333333,0.1553033333333333
yolo5n_448,0.058654259443283,0.0067075479030608,0.050084,0.1792966666666666
yolo5n_480,0.0704705981413522,0.0076624226570128,0.0569146666666666,0.2131633333333333
yolo5s_160,0.0294353806972503,0.0042339766025542,0.015446,0.0921066666666666
yolo5s_192,0.0357095034917195,0.0052500092983245,0.0208913333333333,0.1261333333333333
yolo5s_224,0.0423270157972971,0.0065233993530272,0.0271103333333333,0.1754033333333333
yolo5s_256,0.047036059697469,0.0078367908795674,0.0329763333333333,0.1841533333333333
yolo5s_288,0.0655065846443175,0.008964618841807,0.0487913333333333,0.2374666666666666
yolo5s_320,0.0755629412333169,0.0106816641489664,0.0581076666666666,0.2950366666666666
yolo5s_352,0.0849634130795796,0.0122094011306762,0.0696446666666666,0.3580133333333333
yolo5s_384,0.1013671016693114,0.0139560254414876,0.07944,0.43244
yolo5s_416,0.1258762860298156,0.0161656832695007,0.093886,0.5089533333333333
yolo5s_448,0.137661770582199,0.0183118240038553,0.1062373333333333,0.6096666666666667
yolo5s_480,0.1568947966893513,0.0205968618392944,0.1192626666666666,0.6970333333333333
yolo6l-d1w1_160,0.1270166409015655,0.019032616217931,0.049601,0.6108966666666666
yolo6l-d1w1_192,0.1557802045345306,0.0241406019528706,0.0660636666666666,0.8343400000000001
yolo6l-d1w1_224,0.1802250750859578,0.0303262551625569,0.0858133333333333,1.1801233333333334
yolo6l-d1w1_256,0.1942784341176351,0.0382251306374867,0.103617,1.1958566666666666
yolo6l-d1w1_288,0.287565992673238,0.0448086218039194,0.1571749999999999,1.54293
yolo6l-d1w1_320,0.3139090371131897,0.0539823579788207,0.1840943333333333,1.89284
yolo6l-d1w1_352,0.3446785338719685,0.0630335366725921,0.229899,2.281816666666667
yolo6l-d1w1_384,0.386313867966334,0.0747197397549946,0.2510889999999999,2.727253333333333
yolo6l-d1w1_416,0.4752884213129678,0.087268567085266,0.2906096666666666,3.219173333333333
yolo6l-d1w1_448,0.5066311860084534,0.1042280654112497,0.3297293333333333,3.72554
yolo6l-d1w1_480,0.5637196667989096,0.1265346745649973,0.3674783333333333,4.28571
yolo6l-d1w25_160,0.0368715238571166,0.0026907591025034,0.0115916666666666,0.0288833333333333
yolo6l-d1w25_192,0.0402886831760406,0.0030640912055968,0.0150263333333333,0.0397
yolo6l-d1w25_224,0.0388394331932067,0.0038303371270497,0.0186713333333333,0.0546266666666666
yolo6l-d1w25_256,0.0383396128813425,0.0042795654137928,0.0234353333333333,0.0698333333333333
yolo6l-d1w25_288,0.0448950350284576,0.0052495606740315,0.0320353333333333,0.0920933333333333
yolo6l-d1w25_320,0.0490243049462635,0.005937408208847,0.03806,0.1115966666666666
yolo6l-d1w25_352,0.0548673729101816,0.0069470310211181,0.044791,0.13958
yolo6l-d1w25_384,0.0596783991654713,0.007633561293284,0.0510503333333333,0.1661899999999999
yolo6l-d1w25_416,0.072912878592809,0.010358361005783,0.0605056666666666,0.19934
yolo6l-d1w25_448,0.0783178214232126,0.0098782296975453,0.0681753333333333,0.23363
yolo6l-d1w25_480,0.0882493623097737,0.0111645209789275,0.0771616666666666,0.2786133333333333
yolo6l-d1w5_160,0.0473945355415343,0.0065718487898508,0.022703,0.1288666666666666
yolo6l-d1w5_192,0.055149954954783,0.0081010886033375,0.0297806666666666,0.1758766666666666
yolo6l-d1w5_224,0.0645340454578399,0.0099984021981556,0.037835,0.24583
yolo6l-d1w5_256,0.0679385050137837,0.0117609242598214,0.0477423333333333,0.27253
yolo6l-d1w5_288,0.1068653953075408,0.0140028317769368,0.0675826666666666,0.34139
yolo6l-d1w5_320,0.1188124434153238,0.0161751914024352,0.0795719999999999,0.4305166666666666
yolo6l-d1w5_352,0.1309184674421945,0.018734745979309,0.0938773333333333,0.5185033333333333
yolo6l-d1w5_384,0.1438964068889617,0.0212439918518066,0.1119756666666666,0.6249366666666666
yolo6l-d1w5_416,0.1744788738091786,0.0247730823357899,0.1261186666666666,0.73732
yolo6l-d1w5_448,0.1882835443814595,0.0279996263980864,0.1419766666666666,0.8685333333333333
yolo6l-d1w5_480,0.2121980567773182,0.0315144117673237,0.1607313333333333,0.99578
yolo6l-d1w75_160,0.0851840583483377,0.0128941178321838,0.0351716666666666,0.3196233333333333
yolo6l-d1w75_192,0.0998770670096079,0.0158243095874786,0.0457589999999999,0.4456366666666667
yolo6l-d1w75_224,0.115160359541575,0.0201355187098184,0.0602036666666666,0.6081166666666666
yolo6l-d1w75_256,0.1207085669040679,0.0239071158568064,0.0712156666666666,0.6468833333333334
yolo6l-d1w75_288,0.1888177108764648,0.0284891386826832,0.1076113333333333,0.8526933333333333
yolo6l-d1w75_320,0.2195141323407491,0.0333445795377095,0.126588,1.02288
yolo6l-d1w75_352,0.2451876854896545,0.0393823568026224,0.153112,1.246916666666667
yolo6l-d1w75_384,0.2657910192012786,0.0448182944456735,0.1772276666666666,1.4927700000000002
yolo6l-d1w75_416,0.3273493842283884,0.0535321609179178,0.2026516666666666,1.7843633333333333
yolo6l-d1w75_448,0.3494706447919209,0.0597207736968993,0.2260983333333333,2.042126666666667
yolo6l-d1w75_480,0.3904642653465271,0.0742069057623545,0.2601916666666666,2.3721566666666667
yolo6l-d33w1_160,0.0705072283744811,0.0108667981624603,0.0345073333333333,0.3348833333333333
yolo6l-d33w1_192,0.0911504328250884,0.0137595935662586,0.046243,0.4594099999999999
yolo6l-d33w1_224,0.1085413122177123,0.0168889105319976,0.0583356666666666,0.6432466666666667
yolo6l-d33w1_256,0.1185338370005289,0.0217048970858255,0.068144,0.6465566666666668
yolo6l-d33w1_288,0.1665452361106872,0.0248525091012318,0.1097776666666666,0.83494
yolo6l-d33w1_320,0.1922021178404489,0.0300954381624856,0.126182,1.0266166666666667
yolo6l-d33w1_352,0.212250876824061,0.0348140267531076,0.154689,1.2289833333333335
yolo6l-d33w1_384,0.2491343255837757,0.0401011335849761,0.1673466666666666,1.4740366666666669
yolo6l-d33w1_416,0.307162385781606,0.0465704286098479,0.2010076666666666,1.7504433333333334
yolo6l-d33w1_448,0.3263267588615417,0.0543686580657958,0.2191086666666667,2.0047333333333333
yolo6l-d33w1_480,0.371899660428365,0.0616592685381571,0.2419666666666666,2.33298
yolo6l-d33w25_160,0.0234272940953572,0.0015157703558603,0.008171,0.0180866666666666
yolo6l-d33w25_192,0.0249848115444182,0.0017498564720153,0.0103553333333333,0.0248666666666666
yolo6l-d33w25_224,0.0257112689812977,0.0021784861882527,0.012962,0.0340566666666666
yolo6l-d33w25_256,0.0254247323671976,0.0025249445438384,0.015525,0.04403
yolo6l-d33w25_288,0.027805406252543,0.0030309792359669,0.0218396666666666,0.0571166666666666
yolo6l-d33w25_320,0.0314472707112629,0.0034897458553313,0.0248629999999999,0.0715766666666666
yolo6l-d33w25_352,0.0356264249483743,0.0041292432943979,0.0299563333333333,0.0874133333333333
yolo6l-d33w25_384,0.039457836151123,0.0045683125654856,0.0335063333333333,0.1041
yolo6l-d33w25_416,0.0476220683256784,0.0053607122103372,0.039411,0.12491
yolo6l-d33w25_448,0.0526080318291981,0.0059246158599852,0.046574,0.1485533333333333
yolo6l-d33w25_480,0.0592249572277068,0.0066698944568633,0.050267,0.1702833333333333
yolo6l-d33w5_160,0.0278318846225738,0.0038149249553679,0.0157786666666666,0.0732833333333333
yolo6l-d33w5_192,0.0329536692301432,0.0046181909243265,0.019225,0.1011799999999999
yolo6l-d33w5_224,0.0394074014822641,0.0057842775185902,0.0253599999999999,0.1381933333333333
yolo6l-d33w5_256,0.0431320869922637,0.0069270197550455,0.0315793333333333,0.1508066666666666
yolo6l-d33w5_288,0.0627607699235279,0.007966847817103,0.0464139999999999,0.1996
yolo6l-d33w5_320,0.0711137759685516,0.0094202856222788,0.0537576666666666,0.2432433333333333
yolo6l-d33w5_352,0.0808017905553181,0.0109298646450042,0.0655593333333333,0.2980433333333334
yolo6l-d33w5_384,0.0913942976792653,0.0123271111647287,0.0731683333333333,0.3618533333333333
yolo6l-d33w5_416,0.1103386815388997,0.0141189905007679,0.08333,0.4234
yolo6l-d33w5_448,0.1203543857733408,0.016019928852717,0.0931256666666666,0.4890133333333333
yolo6l-d33w5_480,0.1371723985671996,0.0180291044712066,0.109828,0.5581900000000001
yolo6l-d33w75_160,0.0477742294470468,0.0072213304042815,0.02405,0.1789233333333333
yolo6l-d33w75_192,0.0591136292616525,0.009048124551773,0.030853,0.2422633333333333
yolo6l-d33w75_224,0.0696066113313038,0.0110212898254394,0.0404143333333333,0.33664
yolo6l-d33w75_256,0.0757684854666391,0.0133040738105773,0.0461046666666666,0.35094
yolo6l-d33w75_288,0.1121568834781646,0.0157356425126393,0.0766203333333333,0.4508033333333333
yolo6l-d33w75_320,0.134505599339803,0.0187156840165455,0.0846416666666666,0.55623
yolo6l-d33w75_352,0.1485892248153686,0.0215403735637664,0.103313,0.6841433333333334
yolo6l-d33w75_384,0.1705882124106089,0.024648717244466,0.1201173333333333,0.8087
yolo6l-d33w75_416,0.2108143389225005,0.0286354585488636,0.1351663333333333,0.9670966666666666
yolo6l-d33w75_448,0.227483613093694,0.0325787727038065,0.1466036666666666,1.117376666666667
yolo6l-d33w75_480,0.2567782215277354,0.0368338660399118,0.1636303333333333,1.28379
yolo6l-d6w1_160,0.0882198524475097,0.0135525039831796,0.0394823333333333,0.4334733333333333
yolo6l-d6w1_192,0.1126795128981272,0.0172180100282033,0.0516596666666666,0.5893633333333334
yolo6l-d6w1_224,0.1332044641176859,0.0253253861268361,0.067597,0.8291400000000001
yolo6l-d6w1_256,0.1451248137156168,0.0272890921433766,0.080071,0.8319733333333333
yolo6l-d6w1_288,0.2068990616003672,0.0316282268365223,0.12514,1.0881966666666667
yolo6l-d6w1_320,0.2315658322970072,0.038030213912328,0.1453523333333333,1.31397
yolo6l-d6w1_352,0.2554507152239481,0.0528241908550261,0.1771193333333333,1.61465
yolo6l-d6w1_384,0.2932828243573506,0.0512283074855804,0.1947526666666666,1.9010866666666668
yolo6l-d6w1_416,0.362577325105667,0.0609421344598133,0.226213,2.2576966666666665
yolo6l-d6w1_448,0.3837439902623494,0.0846821339925129,0.2560769999999999,2.61699
yolo6l-d6w1_480,0.4346063403288522,0.079977714618047,0.283103,3.0282766666666667
yolo6l-d6w25_160,0.027919543981552,0.0018377526601155,0.009388,0.0221633333333333
yolo6l-d6w25_192,0.0300563792387644,0.0021585595607757,0.0116353333333333,0.0304633333333333
yolo6l-d6w25_224,0.0287862424055735,0.0026747695604959,0.0146283333333333,0.0417266666666666
yolo6l-d6w25_256,0.0294186345736185,0.0031503391265868,0.017573,0.0537533333333333
yolo6l-d6w25_288,0.0330931568145751,0.0037641263008117,0.0253836666666666,0.0695066666666666
yolo6l-d6w25_320,0.0377066254615783,0.0042875405152638,0.030237,0.0842666666666666
yolo6l-d6w25_352,0.0417211337884267,0.005049222310384,0.036161,0.1037
yolo6l-d6w25_384,0.0461547672748565,0.0056102236111958,0.0407683333333333,0.1243633333333333
yolo6l-d6w25_416,0.0556160831451415,0.0065632661183674,0.046464,0.1537933333333333
yolo6l-d6w25_448,0.06339076201121,0.0071462086836496,0.054227,0.17748
yolo6l-d6w25_480,0.0696216205755869,0.0082682828108469,0.059231,0.20284
yolo6l-d6w5_160,0.0337599047025044,0.0047865633169809,0.0175986666666666,0.0950033333333333
yolo6l-d6w5_192,0.0406411004066466,0.0058345325787861,0.0224813333333333,0.1289166666666666
yolo6l-d6w5_224,0.0483735040823617,0.007055857181549,0.0303993333333333,0.1813166666666666
yolo6l-d6w5_256,0.0512905736764271,0.0086318079630533,0.035754,0.1895866666666666
yolo6l-d6w5_288,0.077883938550949,0.009902053674062,0.0533443333333333,0.2461799999999999
yolo6l-d6w5_320,0.086889954805374,0.0117145311832427,0.0622156666666666,0.3028
yolo6l-d6w5_352,0.0971369353930154,0.0136468402544657,0.073599,0.3662733333333333
yolo6l-d6w5_384,0.1089774596691131,0.0153955113887786,0.0853649999999999,0.44912
yolo6l-d6w5_416,0.1308789165814717,0.0177120872338612,0.0976073333333333,0.5211199999999999
yolo6l-d6w5_448,0.142987378835678,0.0198865127563476,0.1095026666666666,0.61562
yolo6l-d6w5_480,0.1615885074933369,0.0247484242916106,0.1287403333333333,0.7062799999999999
yolo6l-d6w75_160,0.0600595637162525,0.0093510015805561,0.0278706666666666,0.2304866666666667
yolo6l-d6w75_192,0.0726696872711181,0.0113235664367675,0.036973,0.3169733333333333
yolo6l-d6w75_224,0.0847046816349029,0.0141396776835123,0.0469303333333333,0.4395033333333333
yolo6l-d6w75_256,0.0906661772727965,0.0169591466585794,0.0544763333333333,0.44322
yolo6l-d6w75_288,0.1399815746148426,0.0202316923936207,0.0877756666666666,0.5820099999999999
yolo6l-d6w75_320,0.1604104006290435,0.0237290664513905,0.1008609999999999,0.7078933333333334
yolo6l-d6w75_352,0.1795541862646738,0.0275955975055694,0.1204623333333333,0.8703233333333333
yolo6l-d6w75_384,0.2054186260700225,0.0314927911758422,0.13536,1.04207
yolo6l-d6w75_416,0.2465804656346638,0.036740763982137,0.156977,1.2298733333333332
yolo6l-d6w75_448,0.2677444104353586,0.0417703223228453,0.1792063333333333,1.4288233333333336
yolo6l-d6w75_480,0.298411187728246,0.0472218887011209,0.1938756666666666,1.6497666666666666
yolo6m-d1w1_160,0.1808568473656971,0.03137433886528,0.061918,1.00258
yolo6m-d1w1_192,0.2209315971533456,0.039219201405843,0.0688436666666666,1.3587333333333331
yolo6m-d1w1_224,0.2532703940073649,0.0495418540636697,0.0801696666666666,1.9300833333333327
yolo6m-d1w1_256,0.2653926400343577,0.0599860910574594,0.088168,1.93939
yolo6m-d1w1_288,0.399496411482493,0.0706416849295297,0.149041,2.548603333333333
yolo6m-d1w1_320,0.4669168408711751,0.0849725854396819,0.1685296666666667,3.164173333333333
yolo6m-d1w1_352,0.5090055501461029,0.1077612149715423,0.202461,3.858686666666667
yolo6m-d1w1_384,0.583700784444809,0.1292728706200917,0.215356,4.522453333333334
yolo6m-d1w1_416,0.7168023538589479,0.1590337948004404,0.2514086666666666,5.3386
yolo6m-d1w1_448,0.752764397462209,0.1808989083766936,0.2768409999999999,6.229613333333333
yolo6m-d1w1_480,0.824231902360916,0.2079767028490702,0.3017753333333333,7.208543333333334
yolo6m-d1w25_160,0.0326459848880767,0.0045242313543955,0.0088876666666666,0.0414633333333333
yolo6m-d1w25_192,0.0338929740587869,0.0051754355430602,0.0099393333333333,0.05686
yolo6m-d1w25_224,0.0374215451876321,0.0063878488540648,0.0115416666666666,0.0772833333333333
yolo6m-d1w25_256,0.0403695428371429,0.0068379223346709,0.0123503333333333,0.0950033333333333
yolo6m-d1w25_288,0.0597229858239491,0.0079510450363158,0.020047,0.1273766666666666
yolo6m-d1w25_320,0.06645832101504,0.0092958156267801,0.0224553333333333,0.1528199999999999
yolo6m-d1w25_352,0.0774141593774159,0.0106267960866291,0.0267263333333333,0.1856866666666667
yolo6m-d1w25_384,0.0800168172518411,0.0118628998597462,0.02833,0.2229833333333333
yolo6m-d1w25_416,0.0991755970319111,0.0137945727507273,0.0333899999999999,0.2606566666666666
yolo6m-d1w25_448,0.1035658224423725,0.0154047302405039,0.035388,0.3032266666666667
yolo6m-d1w25_480,0.1090159535408019,0.0173693390687306,0.04046,0.36017
yolo6m-d1w5_160,0.0685559388001759,0.0103444774945576,0.0218286666666666,0.2061633333333333
yolo6m-d1w5_192,0.0800488662719726,0.0128012526035308,0.0239406666666666,0.27901
yolo6m-d1w5_224,0.0933317852020263,0.0161821583906808,0.0291106666666666,0.3984466666666666
yolo6m-d1w5_256,0.0964239100615182,0.0190714414914448,0.030607,0.4119433333333333
yolo6m-d1w5_288,0.1423206337292989,0.0227453442414601,0.0517873333333333,0.53016
yolo6m-d1w5_320,0.1605355282624562,0.0259475421905517,0.0592736666666666,0.65484
yolo6m-d1w5_352,0.1813759791851043,0.0310519198576608,0.0676076666666666,0.7967266666666667
yolo6m-d1w5_384,0.1923371748129526,0.0356203794479369,0.0742386666666666,0.9404466666666668
yolo6m-d1w5_416,0.2433732863267262,0.0418609372774759,0.084222,1.13966
yolo6m-d1w5_448,0.2550988396008809,0.0471442822615305,0.0908326666666666,1.3062733333333334
yolo6m-d1w5_480,0.2804711914062499,0.0534250664710998,0.1024979999999999,1.50786
yolo6m-d1w75_160,0.1101641074816385,0.0163176532586415,0.039356,0.51878
yolo6m-d1w75_192,0.1314997581640879,0.0206794643402099,0.0433703333333333,0.6931766666666667
yolo6m-d1w75_224,0.1503928701082865,0.0263236121336618,0.0510733333333333,0.9877866666666666
yolo6m-d1w75_256,0.1592751165231068,0.0327462367216745,0.0559826666666666,0.9931933333333332
yolo6m-d1w75_288,0.2434095378716786,0.0385352714856465,0.091788,1.29287
yolo6m-d1w75_320,0.2681311643123626,0.0461441795031229,0.1023589999999999,1.56125
yolo6m-d1w75_352,0.2932815297444661,0.0540487909317016,0.1198679999999999,1.9041233333333327
yolo6m-d1w75_384,0.3284522306919097,0.0628232196966806,0.1290656666666666,2.252636666666667
yolo6m-d1w75_416,0.401444296836853,0.0760983598232269,0.1468043333333333,2.6669433333333337
yolo6m-d1w75_448,0.4256364663441975,0.0928206733862558,0.1571756666666666,3.08377
yolo6m-d1w75_480,0.465312651793162,0.1010069914658863,0.1777306666666666,3.6032
yolo6m-d33w1_160,0.0898013802369434,0.0155894728501637,0.0401469999999999,0.4615
yolo6m-d33w1_192,0.113454950650533,0.0194042209784189,0.0450483333333333,0.6341666666666667
yolo6m-d33w1_224,0.1333080216248829,0.0241898266474405,0.0533226666666666,0.8916599999999999
yolo6m-d33w1_256,0.1443627758820851,0.0299555174509683,0.0588063333333333,0.9005833333333334
yolo6m-d33w1_288,0.2079641457398732,0.0346455204486846,0.1019926666666666,1.16522
yolo6m-d33w1_320,0.2419477065404256,0.0413090721766153,0.114143,1.412113333333333
yolo6m-d33w1_352,0.2704184786478678,0.0484325098991393,0.139348,1.7524499999999998
yolo6m-d33w1_384,0.3166715578238169,0.0564053662618,0.1462429999999999,2.049306666666667
yolo6m-d33w1_416,0.3874134119351704,0.0672139823436736,0.1688846666666666,2.4241566666666667
yolo6m-d33w1_448,0.4123908917109171,0.0813180955251057,0.1905226666666666,2.8224400000000003
yolo6m-d33w1_480,0.4580147631963093,0.0910606813430785,0.2045026666666666,3.2724266666666666
yolo6m-d33w25_160,0.0217464824517567,0.0020564591884612,0.0064403333333333,0.0213066666666666
yolo6m-d33w25_192,0.0228857545057931,0.0024570059776305,0.007172,0.0293733333333333
yolo6m-d33w25_224,0.0230951313177744,0.0030271963278452,0.0082223333333333,0.0398033333333333
yolo6m-d33w25_256,0.0240812230110168,0.0035208805402119,0.0087009999999999,0.0497333333333333
yolo6m-d33w25_288,0.0325994300842284,0.0041866286595662,0.0150343333333333,0.0647866666666666
yolo6m-d33w25_320,0.0373469392458597,0.004817630847295,0.0162013333333333,0.0793433333333333
yolo6m-d33w25_352,0.0413650012016295,0.0056565654277801,0.0196863333333333,0.0973866666666666
yolo6m-d33w25_384,0.0445199998219807,0.0063151892026265,0.020517,0.1129299999999999
yolo6m-d33w25_416,0.0556920393308003,0.0072170937061309,0.024137,0.13753
yolo6m-d33w25_448,0.0588515508174896,0.0081112690766651,0.025348,0.1587466666666666
yolo6m-d33w25_480,0.0674333039919535,0.0090699466069539,0.0290136666666666,0.1867433333333333
yolo6m-d33w5_160,0.0342689851919809,0.0053316541512806,0.0143666666666666,0.0984166666666666
yolo6m-d33w5_192,0.0412466013431548,0.0067266209920246,0.015772,0.13479
yolo6m-d33w5_224,0.0486375641822814,0.0081282722949981,0.0198156666666666,0.1875266666666667
yolo6m-d33w5_256,0.0517571222782134,0.0097062559922535,0.0207736666666666,0.1917766666666666
yolo6m-d33w5_288,0.0760193967819213,0.0110907876491546,0.037159,0.2524266666666666
yolo6m-d33w5_320,0.0870673477649688,0.0131089603900909,0.041441,0.3095466666666666
yolo6m-d33w5_352,0.097290453116099,0.0150894685586292,0.0471053333333333,0.3705366666666667
yolo6m-d33w5_384,0.1088260495662689,0.0173336207866668,0.051874,0.44035
yolo6m-d33w5_416,0.1333401974042255,0.0201798089345295,0.0577506666666666,0.5197200000000001
yolo6m-d33w5_448,0.1431935369968413,0.022869582970937,0.063228,0.6178800000000001
yolo6m-d33w5_480,0.1621003007888793,0.0263561666011809,0.0706696666666666,0.7043733333333333
yolo6m-d33w75_160,0.0563800843556721,0.0083980309963226,0.0253666666666666,0.2437666666666667
yolo6m-d33w75_192,0.0692991908391316,0.0106471534570057,0.0278773333333333,0.3336333333333334
yolo6m-d33w75_224,0.0823075314362843,0.0132194697856902,0.0339913333333333,0.4615099999999999
yolo6m-d33w75_256,0.0882020020484923,0.0163763221104939,0.0363276666666666,0.45974
yolo6m-d33w75_288,0.1308537201086679,0.018971261580785,0.0627803333333333,0.5965400000000001
yolo6m-d33w75_320,0.1503969816366831,0.0228624022006988,0.0692326666666666,0.7282966666666667
yolo6m-d33w75_352,0.1682639054457345,0.0273623776435851,0.0820016666666666,0.88953
yolo6m-d33w75_384,0.1895424544811248,0.0305771942933399,0.086955,1.0654333333333332
yolo6m-d33w75_416,0.2356247206528981,0.0350985050201415,0.099837,1.2401
yolo6m-d33w75_448,0.2555972139040629,0.0403681286176045,0.105575,1.43819
yolo6m-d33w75_480,0.2839285981655121,0.0452529021104176,0.1199093333333333,1.6605766666666666
yolo6m-d6w1_160,0.1203910263379414,0.0205852417151132,0.0474273333333333,0.6425833333333334
yolo6m-d6w1_192,0.1515585927168528,0.0262490053971607,0.0536776666666666,0.8915233333333333
yolo6m-d6w1_224,0.1735629785060882,0.0333502674102782,0.0625056666666666,1.24634
yolo6m-d6w1_256,0.1859014356136321,0.0399230849742889,0.0687633333333333,1.2424166666666665
yolo6m-d6w1_288,0.2724164851506551,0.0466832435131072,0.1176496666666666,1.62791
yolo6m-d6w1_320,0.3176821223894754,0.0557974958419799,0.1320869999999999,2.0368100000000005
yolo6m-d6w1_352,0.3505910428365071,0.0658780411879221,0.1604176666666666,2.432636666666667
yolo6m-d6w1_384,0.409229058821996,0.0795887998739878,0.169059,2.917533333333333
yolo6m-d6w1_416,0.5016730690002441,0.0945705842971801,0.1961696666666666,3.4555366666666667
yolo6m-d6w1_448,0.5276654640833537,0.1123883624871571,0.2194106666666666,3.961516666666667
yolo6m-d6w1_480,0.5843431107203165,0.1273111434777577,0.2371056666666666,4.57408
yolo6m-d6w25_160,0.0248516261577605,0.0028935873508452,0.0073183333333333,0.0285933333333333
yolo6m-d6w25_192,0.0266341924667358,0.0033381263415017,0.0081116666666666,0.03854
yolo6m-d6w25_224,0.0266911081473032,0.0039919686317443,0.0093413333333333,0.0524733333333333
yolo6m-d6w25_256,0.0295857687791188,0.004520993232727,0.0099153333333333,0.06467
yolo6m-d6w25_288,0.0421873625119526,0.0054656159877776,0.0166976666666666,0.0840966666666666
yolo6m-d6w25_320,0.0473620076974232,0.0068915931383768,0.0183476666666666,0.1031566666666666
yolo6m-d6w25_352,0.0527141666412353,0.0073280596733092,0.0221303333333333,0.12526
yolo6m-d6w25_384,0.0579286750157673,0.0080735945701599,0.023174,0.1523266666666667
yolo6m-d6w25_416,0.070546087026596,0.009387354850769,0.0271956666666666,0.17881
yolo6m-d6w25_448,0.0725709791978199,0.0104496018091837,0.028772,0.2054633333333333
yolo6m-d6w25_480,0.0793724389870961,0.0117373164494831,0.0328526666666666,0.2487399999999999
yolo6m-d6w5_160,0.0461351843674977,0.0069814272721608,0.0168469999999999,0.1382566666666666
yolo6m-d6w5_192,0.054390913248062,0.0088675228754678,0.018639,0.1855566666666666
yolo6m-d6w5_224,0.0627493532498677,0.0108735946814218,0.0230689999999999,0.26183
yolo6m-d6w5_256,0.0657223733266194,0.0141509314378102,0.023999,0.2652
yolo6m-d6w5_288,0.0972509304682413,0.0153371381759642,0.0420556666666666,0.3542366666666667
yolo6m-d6w5_320,0.110406683286031,0.0175335605939229,0.0474266666666666,0.4260833333333333
yolo6m-d6w5_352,0.1241100188096364,0.0204810635248819,0.053953,0.5184466666666667
yolo6m-d6w5_384,0.1368020109335581,0.0234749805927276,0.059274,0.6200866666666667
yolo6m-d6w5_416,0.1711447823047637,0.0273888540267943,0.0664313333333333,0.7317766666666667
yolo6m-d6w5_448,0.1781416217486063,0.0309387544790903,0.0723953333333333,0.8455933333333333
yolo6m-d6w5_480,0.2012134639422098,0.035139904419581,0.0811896666666666,0.9773566666666668
yolo6m-d6w75_160,0.0737634372711181,0.0110966233412424,0.030292,0.3431166666666667
yolo6m-d6w75_192,0.09053804675738,0.0139993345737456,0.033458,0.46377
yolo6m-d6w75_224,0.1054304377237955,0.0174551037947336,0.0399896666666666,0.6479533333333333
yolo6m-d6w75_256,0.1124421540896097,0.0219013361136118,0.0434056666666666,0.6427633333333334
yolo6m-d6w75_288,0.1658631742000579,0.0254772798220316,0.0729026666666666,0.8408866666666667
yolo6m-d6w75_320,0.1871887032190958,0.0307598129908243,0.080724,1.02465
yolo6m-d6w75_352,0.2074256714185078,0.0359285791714985,0.0943473333333333,1.2330466666666666
yolo6m-d6w75_384,0.2357924155394236,0.0412754885355631,0.1013333333333333,1.44897
yolo6m-d6w75_416,0.2878573389848073,0.0476943616072336,0.1155446666666666,1.7308633333333334
yolo6m-d6w75_448,0.3084921713670094,0.0551348396142323,0.122634,2.003743333333333
yolo6m-d6w75_480,0.3410831316312153,0.0618149602413177,0.1395183333333333,2.30435
yolo6s-d1w1_160,0.2767681368192036,0.0500427758693694,0.0977923333333333,2.118463333333333
yolo6s-d1w1_192,0.3445828195412954,0.0620788240432738,0.1040499999999999,2.876793333333333
yolo6s-d1w1_224,0.3795452634493509,0.0809426899751027,0.1151343333333333,4.051136666666667
yolo6s-d1w1_256,0.3908802672227223,0.106738044420878,0.1215423333333333,4.24099
yolo6s-d1w1_288,0.6585559697945912,0.1324028853575388,0.192567,5.37932
yolo6s-d1w1_320,0.7162523472309114,0.1692791179815927,0.2112883333333333,6.737480000000001
yolo6s-d1w1_352,0.7641425693035125,0.2059369083245594,0.243326,8.002226666666667
yolo6s-d1w1_384,0.8390143704414368,0.2433337334791818,0.264164,9.45017
yolo6s-d1w1_416,1.0664283204078673,0.2893347593148549,0.300249,11.05328
yolo6s-d1w1_448,1.1205967394510905,0.3360732944806416,0.3406716666666667,12.84783
yolo6s-d1w1_480,1.2278514512379963,0.3843087470531463,0.371079,14.986473333333334
yolo6s-d1w25_160,0.0355960444609323,0.0049632390340169,0.0088633333333333,0.08944
yolo6s-d1w25_192,0.0411183599630991,0.0057316275437672,0.0095273333333333,0.12081
yolo6s-d1w25_224,0.0442713379859923,0.0071210046609242,0.010949,0.1673766666666666
yolo6s-d1w25_256,0.0457017902533213,0.0089980320135751,0.0115349999999999,0.1814299999999999
yolo6s-d1w25_288,0.0771685930093128,0.0099928061167398,0.0191273333333333,0.2313166666666666
yolo6s-d1w25_320,0.0798629939556121,0.0114651894569396,0.021781,0.27749
yolo6s-d1w25_352,0.0867436854044596,0.0135070725282033,0.025112,0.3425466666666666
yolo6s-d1w25_384,0.0904073230425516,0.0150457712014516,0.0262636666666666,0.4104466666666666
yolo6s-d1w25_416,0.1106799805164336,0.0174582854906717,0.029877,0.48323
yolo6s-d1w25_448,0.1154721724987029,0.0195498331387837,0.031403,0.5643633333333333
yolo6s-d1w25_480,0.1274485146999358,0.0221778722604115,0.0362356666666666,0.65568
yolo6s-d1w5_160,0.0939211074511209,0.0141050219535827,0.0274629999999999,0.44593
yolo6s-d1w5_192,0.1088383714358011,0.0172955763339995,0.0293333333333333,0.6106366666666666
yolo6s-d1w5_224,0.1210484548409779,0.0220914010206857,0.03326,0.8563466666666666
yolo6s-d1w5_256,0.1255242327849069,0.027444307009379,0.0350236666666666,0.8554666666666666
yolo6s-d1w5_288,0.2002862946192423,0.0326675939559936,0.0584803333333333,1.10913
yolo6s-d1w5_320,0.2109906454881032,0.0395678285757699,0.0636679999999999,1.35057
yolo6s-d1w5_352,0.2273272514343261,0.046349293788274,0.072487,1.654653333333333
yolo6s-d1w5_384,0.2462488309542337,0.0530950880050658,0.084497,1.9387966666666667
yolo6s-d1w5_416,0.3053670994440714,0.0630755424499511,0.0872563333333333,2.308743333333333
yolo6s-d1w5_448,0.3171913472811381,0.0755676265557606,0.094122,2.680846666666667
yolo6s-d1w5_480,0.3451568873723347,0.0859779389699299,0.1052106666666666,3.064783333333333
yolo6s-d1w75_160,0.1795611663659413,0.0291529885927835,0.0454136666666666,1.1305733333333332
yolo6s-d1w75_192,0.2114837479591369,0.0403911626338958,0.050003,1.53069
yolo6s-d1w75_224,0.2350279319286346,0.0476477551460265,0.0593743333333333,2.1521666666666666
yolo6s-d1w75_256,0.2406561756134032,0.0591000560919443,0.0623866666666666,2.1819133333333336
yolo6s-d1w75_288,0.3769476119677226,0.0699918619791666,0.1146909999999999,2.8772299999999995
yolo6s-d1w75_320,0.4455009027322132,0.0884894490242004,0.120255,3.5164166666666667
yolo6s-d1w75_352,0.4775769186019897,0.1100661655267079,0.1412046666666666,4.280553333333334
yolo6s-d1w75_384,0.5562181727091472,0.1317476332187652,0.1513926666666666,4.961366666666667
yolo6s-d1w75_416,0.6857551316420237,0.1533284624417622,0.1705893333333333,5.89059
yolo6s-d1w75_448,0.7062198428312939,0.1823678576946258,0.1824783333333333,6.824636666666667
yolo6s-d1w75_480,0.7610005549589793,0.2105059456825256,0.1988656666666667,7.813893333333334
yolo6s-d33w1_160,0.1187226549784342,0.0205356498559315,0.0484566666666666,0.8264066666666667
yolo6s-d33w1_192,0.1495740874608357,0.0254358029365538,0.0524419999999999,1.13734
yolo6s-d33w1_224,0.1680084093411763,0.0328872696558633,0.0600883333333333,1.5935733333333333
yolo6s-d33w1_256,0.1767366568247476,0.0415632557868957,0.0636579999999999,1.6068
yolo6s-d33w1_288,0.2796937318642934,0.0492442031701405,0.103631,2.077806666666667
yolo6s-d33w1_320,0.3103379654884338,0.059893763065338,0.1140123333333333,2.554346666666667
yolo6s-d33w1_352,0.33548899213473,0.0705058125654855,0.1375313333333333,3.181456666666667
yolo6s-d33w1_384,0.3776790002981822,0.1004621287186939,0.1465566666666666,3.643646666666666
yolo6s-d33w1_416,0.4714932282765705,0.1019618618488311,0.1613966666666666,4.3008
yolo6s-d33w1_448,0.5007539002100626,0.1245003493626912,0.1821366666666666,5.00479
yolo6s-d33w1_480,0.5547613843282063,0.1408598093191782,0.2010106666666666,5.736543333333333
yolo6s-d33w25_160,0.0175817668437957,0.0022195434570312,0.006001,0.0371566666666666
yolo6s-d33w25_192,0.0206187093257903,0.0024972140789031,0.0066043333333333,0.04955
yolo6s-d33w25_224,0.0219665805498758,0.0031788953145344,0.007453,0.06862
yolo6s-d33w25_256,0.0230345356464385,0.0037385038534799,0.0079353333333333,0.0753833333333333
yolo6s-d33w25_288,0.0359550786018371,0.0045078579584756,0.013459,0.0958466666666666
yolo6s-d33w25_320,0.0391536541779835,0.0052396611372629,0.014801,0.1165433333333333
yolo6s-d33w25_352,0.0438038865725198,0.0059913023312886,0.0176286666666666,0.1417333333333333
yolo6s-d33w25_384,0.0483721836407979,0.0067322361469268,0.0181793333333333,0.1667633333333333
yolo6s-d33w25_416,0.0541904632250467,0.0079311211903889,0.0203863333333333,0.2016766666666666
yolo6s-d33w25_448,0.057768701314926,0.0087947976589202,0.0216526666666666,0.2351266666666666
yolo6s-d33w25_480,0.0645236186186472,0.0099404823780059,0.0250243333333333,0.2697833333333333
yolo6s-d33w5_160,0.0415383958816528,0.0060847727457681,0.0154776666666666,0.1766
yolo6s-d33w5_192,0.0488576094309488,0.0074423710505167,0.0164253333333333,0.2388133333333333
yolo6s-d33w5_224,0.0546223759651183,0.0094446273644764,0.0192099999999999,0.3470633333333333
yolo6s-d33w5_256,0.0579819905757903,0.0116112522284189,0.020578,0.3408899999999999
yolo6s-d33w5_288,0.0871451234817504,0.0137363684177398,0.0356706666666666,0.4413533333333333
yolo6s-d33w5_320,0.0954306614398955,0.0165967996915181,0.038258,0.5308433333333333
yolo6s-d33w5_352,0.1040546000003814,0.0195039049784341,0.0450323333333333,0.64493
yolo6s-d33w5_384,0.1156556570529937,0.0223686369260151,0.0521973333333333,0.7660300000000001
yolo6s-d33w5_416,0.1432878136634826,0.0259910464286803,0.052567,0.8971399999999999
yolo6s-d33w5_448,0.1515691622098286,0.0292521039644876,0.057864,1.04786
yolo6s-d33w5_480,0.1665876082579294,0.0329245233535766,0.0623576666666666,1.19995
yolo6s-d33w75_160,0.0780488737424214,0.0123029351234436,0.0251083333333333,0.4453299999999999
yolo6s-d33w75_192,0.0925455005963643,0.0153717772165933,0.0273833333333333,0.6062833333333334
yolo6s-d33w75_224,0.1038834623495736,0.0197418765226999,0.0338546666666666,0.8498433333333333
yolo6s-d33w75_256,0.1083827253182728,0.0242910230159759,0.0351683333333333,0.8349766666666666
yolo6s-d33w75_288,0.1647353347142537,0.0288014249006906,0.0679253333333333,1.1105866666666666
yolo6s-d33w75_320,0.1954527739683786,0.034919022321701,0.0686723333333333,1.3579466666666666
yolo6s-d33w75_352,0.2134861544768015,0.0407184314727782,0.0821966666666666,1.6401733333333333
yolo6s-d33w75_384,0.2512235395113626,0.0467214612166086,0.0871813333333333,1.9320366666666664
yolo6s-d33w75_416,0.3061287268002827,0.0546828520298003,0.0956853333333333,2.321003333333333
yolo6s-d33w75_448,0.320438452164332,0.0625355045000711,0.101936,2.646203333333333
yolo6s-d33w75_480,0.3505040268103281,0.081165698369344,0.1104846666666666,3.0525266666666666
yolo6s-d6w1_160,0.1839874529838561,0.0329935308297474,0.0700103333333333,1.363473333333333
yolo6s-d6w1_192,0.2318304789066314,0.0408977794647216,0.073792,1.87175
yolo6s-d6w1_224,0.258335731824239,0.0543720440069834,0.0831056666666666,2.6358366666666666
yolo6s-d6w1_256,0.267903842528661,0.0667439663410186,0.0875333333333333,2.66663
yolo6s-d6w1_288,0.4362025960286458,0.0800905342896778,0.1402236666666666,3.478196666666667
yolo6s-d6w1_320,0.4818350466092427,0.1014873842398325,0.1540363333333333,4.285833333333334
yolo6s-d6w1_352,0.516683098077774,0.1418999358018239,0.1818886666666666,5.1136566666666665
yolo6s-d6w1_384,0.5746252238750457,0.1495337148507435,0.1950666666666666,6.050383333333333
yolo6s-d6w1_416,0.724306548833847,0.1854816210269927,0.2190579999999999,7.1434066666666665
yolo6s-d6w1_448,0.7650334167480469,0.2112851961453755,0.2464653333333333,8.318226666666666
yolo6s-d6w1_480,0.8480789967377981,0.241818930308024,0.272244,9.919583333333334
yolo6s-d6w25_160,0.0253605926036834,0.0033370598157246,0.0073156666666666,0.0598266666666666
yolo6s-d6w25_192,0.0275858970483143,0.0039310912291208,0.0078653333333333,0.0808333333333333
yolo6s-d6w25_224,0.0324391317367553,0.0048775470256804,0.0089123333333333,0.1110666666666666
yolo6s-d6w25_256,0.0317618902524312,0.0057647426923115,0.0094679999999999,0.1196233333333333
yolo6s-d6w25_288,0.0524788053830464,0.0067849441369374,0.0158233333333333,0.1542533333333333
yolo6s-d6w25_320,0.0552257732550302,0.0079132044315337,0.0177383333333333,0.1846433333333333
yolo6s-d6w25_352,0.0609866317113239,0.0092731587092081,0.0207763333333333,0.2256599999999999
yolo6s-d6w25_384,0.0630690928300221,0.0103137703736622,0.021733,0.2684633333333333
yolo6s-d6w25_416,0.0773795807361602,0.0119606073697407,0.0244253333333333,0.3231333333333333
yolo6s-d6w25_448,0.0817140932877858,0.013258006175359,0.0256693333333333,0.3706466666666667
yolo6s-d6w25_480,0.0903085645039875,0.0150741322835286,0.02971,0.4329266666666667
yolo6s-d6w5_160,0.0631152896086374,0.009466365178426,0.0205636666666666,0.29787
yolo6s-d6w5_192,0.0740567624568938,0.0115253647168476,0.0220923333333333,0.4047233333333333
yolo6s-d6w5_224,0.0828847038745879,0.0147272109985351,0.0250376666666666,0.55767
yolo6s-d6w5_256,0.0871598037083943,0.0182562025388081,0.0268243333333333,0.5626099999999999
yolo6s-d6w5_288,0.1365472197532653,0.0215670339266458,0.045023,0.7235800000000001
yolo6s-d6w5_320,0.1432802780469258,0.0262442409992217,0.0490846666666666,0.8929
yolo6s-d6w5_352,0.1542791295051574,0.0307575023174285,0.0567489999999999,1.0873
yolo6s-d6w5_384,0.1704694453875223,0.0352047018210092,0.0651473333333333,1.2569433333333333
yolo6s-d6w5_416,0.2101120861371358,0.0408909904956817,0.0673196666666666,1.5051100000000002
yolo6s-d6w5_448,0.2206718715031941,0.0532994218667347,0.072604,1.73342
yolo6s-d6w5_480,0.2405286236604054,0.0532168686389922,0.0797346666666666,2.0154633333333334
yolo6s-d6w75_160,0.119328403075536,0.0193314468860626,0.0339996666666666,0.7364333333333333
yolo6s-d6w75_192,0.1435472432772318,0.02429603377978,0.0369766666666666,0.99788
yolo6s-d6w75_224,0.1599608544508615,0.0313486687342325,0.0447823333333333,1.4145500000000002
yolo6s-d6w75_256,0.1646393171946207,0.0388087634245554,0.0468353333333333,1.408826666666667
yolo6s-d6w75_288,0.25529736439387,0.0459861882527668,0.0874699999999999,1.850593333333333
yolo6s-d6w75_320,0.3019711701075235,0.0558495597044626,0.0900843333333333,2.279916666666667
yolo6s-d6w75_352,0.3228191272417705,0.0669509128729502,0.1067706666666666,2.7645666666666666
yolo6s-d6w75_384,0.3810416611035664,0.0802127027511596,0.113828,3.2167
yolo6s-d6w75_416,0.4664012749989827,0.097278340657552,0.126756,3.853313333333333
yolo6s-d6w75_448,0.483256618976593,0.1126126174132028,0.135623,4.391466666666666
yolo6s-d6w75_480,0.5243374284108481,0.1314681875705718,0.1474466666666666,5.09744
yolo7l_160,0.1079476908842722,0.0178090484937031,0.0544543333333333,0.5680499999999999
yolo7l_192,0.1364540056387582,0.0217998174826303,0.070052,0.78231
yolo7l_224,0.1641389938195546,0.0275360631942748,0.0934096666666666,1.08929
yolo7l_256,0.1833333114782969,0.0349295230706532,0.1161256666666666,1.1278933333333334
yolo7l_288,0.2611947361628214,0.0405443648497263,0.1758116666666667,1.4632833333333333
yolo7l_320,0.2937574795881907,0.0487334251403808,0.2057923333333333,1.7826966666666666
yolo7l_352,0.3328129315376281,0.0573837709426879,0.2460643333333333,2.130826666666666
yolo7l_384,0.3803153089682261,0.0700504354635874,0.2800933333333333,2.5746333333333333
yolo7l_416,0.4595822803179423,0.0830989619096119,0.335364,3.021473333333333
yolo7l_448,0.503442618449529,0.0977389645576476,0.3777563333333333,3.491666666666667
yolo7l_480,0.5665704957644144,0.109007886648178,0.4425076666666667,4.03488
yolo7m_160,0.0722674036026,0.0120690353711445,0.040269,0.3014866666666667
yolo7m_192,0.0906856250762939,0.0143100575606027,0.0519893333333333,0.4091799999999999
yolo7m_224,0.1093304546674092,0.017975921233495,0.068694,0.5725600000000001
yolo7m_256,0.1212129970391591,0.0218131768703459,0.084877,0.6120333333333333
yolo7m_288,0.1763584117094675,0.0257491350173949,0.126943,0.79546
yolo7m_320,0.2028273975849151,0.0307152521610259,0.1440703333333333,0.9865666666666668
yolo7m_352,0.233875530163447,0.0361010456085204,0.1672,1.191973333333333
yolo7m_384,0.2596301901340485,0.0467885061105091,0.2024703333333333,1.4004900000000002
yolo7m_416,0.3192768510182698,0.0487671275933583,0.2348766666666666,1.6751766666666663
yolo7m_448,0.348462598323822,0.0554348830382028,0.2682376666666666,1.9500566666666668
yolo7m_480,0.3916559994220733,0.0628552293777465,0.2917309999999999,2.231953333333333
yolo7n_160,0.0275429975986479,0.0023405750592549,0.0130759999999999,0.0319733333333333
yolo7n_192,0.0271010541915893,0.0027756885687509,0.016611,0.0446633333333333
yolo7n_224,0.0296896922588347,0.0038611698150634,0.0222586666666666,0.06226
yolo7n_256,0.0326630556583404,0.00406321366628,0.0269063333333333,0.0797033333333333
yolo7n_288,0.0442596058050791,0.004974220196406,0.04019,0.1029899999999999
yolo7n_320,0.0511281931400298,0.0056744952996571,0.04726,0.1265666666666667
yolo7n_352,0.0588865939776102,0.0066651992003122,0.0590346666666666,0.15742
yolo7n_384,0.0659357897440591,0.0075619192918141,0.0617536666666666,0.18752
yolo7n_416,0.0785474145412444,0.0087590865294138,0.072533,0.2218099999999999
yolo7n_448,0.0876471722126007,0.0098906429608662,0.0861393333333333,0.2582233333333333
yolo7n_480,0.0988205198446909,0.0109729115168253,0.098228,0.2955266666666666
yolo7s_160,0.0414503701527912,0.0061373261610666,0.024952,0.1253933333333333
yolo7s_192,0.0507488433519998,0.0073427883783976,0.0330023333333333,0.1717033333333333
yolo7s_224,0.0604375966389973,0.0090644299983977,0.042932,0.2368433333333333
yolo7s_256,0.068457224369049,0.0110820841789245,0.0517986666666666,0.26691
yolo7s_288,0.0967078419526417,0.0128761033217111,0.083421,0.34321
yolo7s_320,0.1094381539026895,0.0150294991334279,0.0978226666666666,0.42362
yolo7s_352,0.1253889540831248,0.017442599137624,0.110579,0.5087999999999999
yolo7s_384,0.1387616237004597,0.0199963657061258,0.1321286666666666,0.6140966666666667
yolo7s_416,0.168157394727071,0.0234055463473001,0.1556436666666666,0.7183566666666666
yolo7s_448,0.1837808791796366,0.0262937982877095,0.1748846666666666,0.8433733333333334
yolo7s_480,0.2090012721220652,0.0297627882162729,0.1902516666666666,0.9728166666666668
yolo8d1w25_160,0.0274904123942056,0.002707534233729,0.0099253333333333,0.0339433333333333
yolo8d1w25_192,0.0286747348308562,0.0031633786360422,0.0132153333333333,0.0488899999999999
yolo8d1w25_224,0.02928298274676,0.0040049672126769,0.0166613333333333,0.0669333333333333
yolo8d1w25_256,0.0318267528216043,0.0046665660540262,0.0213803333333333,0.0873033333333333
yolo8d1w25_288,0.0447524750232696,0.0055881317456562,0.030346,0.10847
yolo8d1w25_320,0.0500796333948771,0.0063605348269144,0.0355833333333333,0.1388766666666666
yolo8d1w25_352,0.0559828023115793,0.0076700580120085,0.043025,0.1647233333333333
yolo8d1w25_384,0.0621343040466307,0.0083650147914885,0.047442,0.2031333333333333
yolo8d1w25_416,0.0739816073576608,0.0098591864109038,0.0572616666666666,0.2407133333333333
yolo8d1w25_448,0.0807628166675567,0.0107953413327534,0.0676536666666666,0.2822166666666667
yolo8d1w25_480,0.0901017999649047,0.0122757832209268,0.074784,0.3217833333333333
yolo8d1w5_160,0.0467738461494445,0.0072177207469939,0.0198843333333333,0.1283033333333333
yolo8d1w5_192,0.0523918457825978,0.0095692908763885,0.0265556666666666,0.1793933333333333
yolo8d1w5_224,0.0624841491381326,0.0106380756696064,0.0348746666666666,0.2438133333333333
yolo8d1w5_256,0.0683382904529571,0.0125869635740915,0.0430923333333333,0.3117833333333333
yolo8d1w5_288,0.1093301240603128,0.0147328746318816,0.06369,0.39588
yolo8d1w5_320,0.1208994813760121,0.0174701964855193,0.073471,0.4910833333333333
yolo8d1w5_352,0.1341518823305765,0.0245699111620584,0.08866,0.6079066666666667
yolo8d1w5_384,0.1562218677997588,0.0238795276482899,0.099999,0.72196
yolo8d1w5_416,0.1932320435841877,0.0275213432312011,0.1173599999999999,0.8458533333333333
yolo8d1w5_448,0.2075445862611134,0.031420137087504,0.1331689999999999,0.97899
yolo8d1w5_480,0.2369573418299357,0.0356206464767455,0.1523553333333333,1.12973
yolo8d1w75_160,0.0847262557347615,0.0135120284557342,0.031747,0.3252866666666666
yolo8d1w75_192,0.0973579557736714,0.0188973295688628,0.04321,0.45909
yolo8d1w75_224,0.1159268347422281,0.0208201348781585,0.0573946666666666,0.6309266666666666
yolo8d1w75_256,0.12195801059405,0.0257461722691853,0.069254,0.74615
yolo8d1w75_288,0.1818079451719919,0.0307912631829579,0.1037856666666666,0.9663733333333332
yolo8d1w75_320,0.2153026696046193,0.042530216773351,0.1219593333333333,1.2032333333333334
yolo8d1w75_352,0.2433380285898844,0.043386548757553,0.151474,1.4637400000000005
yolo8d1w75_384,0.2700717516740163,0.050373016198476,0.1725416666666666,1.7313866666666666
yolo8d1w75_416,0.3463064086437225,0.0585811058680216,0.1979293333333333,2.0421633333333333
yolo8d1w75_448,0.3687800248463948,0.0678034750620524,0.220599,2.394486666666667
yolo8d1w75_480,0.416305181980133,0.0815642269452412,0.248644,2.7388833333333333
yolo8d33w1_160,0.0872578064600626,0.0152592130502064,0.0366359999999999,0.5241233333333334
yolo8d33w1_192,0.1133569387594858,0.0188445854187011,0.049793,0.7110833333333333
yolo8d33w1_224,0.1347559547424316,0.0232746950785318,0.0627953333333333,0.99824
yolo8d33w1_256,0.1485284749666849,0.0296114873886108,0.077838,0.9922
yolo8d33w1_288,0.2092237472534179,0.0344574077924092,0.1187303333333333,1.28407
yolo8d33w1_320,0.2400596113999684,0.0415600538253783,0.1438386666666666,1.5659366666666663
yolo8d33w1_352,0.2689409935474395,0.0485038812955219,0.170359,1.8948866666666664
yolo8d33w1_384,0.3016264553864796,0.0570400778452554,0.186736,2.239733333333333
yolo8d33w1_416,0.3676675232251485,0.0657833178838093,0.2151809999999999,2.639623333333333
yolo8d33w1_448,0.3992791330814361,0.0809446581204732,0.2414549999999999,3.0799
yolo8d33w1_480,0.4473747352759043,0.088128212292989,0.281592,3.547363333333333
yolo8d33w75_160,0.0585601957639058,0.010692788362503,0.025575,0.28304
yolo8d33w75_192,0.0734449823697407,0.0121907575925191,0.0328363333333333,0.3808533333333333
yolo8d33w75_224,0.0868257443110147,0.0147883570194243,0.0440173333333333,0.5389766666666667
yolo8d33w75_256,0.0930688798427581,0.0180414799849192,0.0511943333333333,0.5299233333333334
yolo8d33w75_288,0.1341486907005309,0.0214291520913441,0.080384,0.69125
yolo8d33w75_320,0.1580123225847879,0.0252888373533884,0.0958546666666666,0.8549166666666667
yolo8d33w75_352,0.1777069036165872,0.0293952973683674,0.114677,1.050533333333333
yolo8d33w75_384,0.2039890837669371,0.0337115188439686,0.1265336666666666,1.2223366666666668
yolo8d33w75_416,0.2482043011983235,0.0393918168544768,0.1479786666666666,1.4451533333333335
yolo8d33w75_448,0.2763470856348672,0.0447967422008514,0.1606193333333333,1.68093
yolo8d33w75_480,0.3112608933448791,0.0508979717890421,0.1805106666666666,1.9298466666666665
yolo8d67w1_160,0.1066292393207549,0.018238528172175,0.0410836666666666,0.58552
yolo8d67w1_192,0.1331233994166056,0.022364451487859,0.0584853333333333,0.8163166666666667
yolo8d67w1_224,0.1601660688718159,0.0286372427145639,0.0712173333333333,1.14649
yolo8d67w1_256,0.1755411994457244,0.0360311996936797,0.093801,1.2099633333333333
yolo8d67w1_288,0.2568924407164255,0.0422366702556609,0.1374103333333333,1.577303333333333
yolo8d67w1_320,0.2872591626644134,0.0510902265707651,0.1663133333333333,1.9185066666666668
yolo8d67w1_352,0.3224812320868174,0.0608107582728067,0.2028806666666666,2.3134200000000003
yolo8d67w1_384,0.3494524896144866,0.07009628256162,0.2199096666666666,2.754073333333333
yolo8d67w1_416,0.4307034158706664,0.0871947332223255,0.2583396666666667,3.249163333333333
yolo8d67w1_448,0.4622291489442189,0.1031261841456094,0.2937603333333333,3.75017
yolo8d67w1_480,0.5173383069038392,0.1160227640469868,0.329105,4.310389999999999
yolo8d67w25_160,0.0250324451923369,0.0023537468910216,0.0092146666666666,0.0301166666666666
yolo8d67w25_192,0.0240042646725971,0.0027457245190938,0.0116123333333333,0.0420766666666666
yolo8d67w25_224,0.0260323329766591,0.0034864775339761,0.0149286666666666,0.0585466666666666
yolo8d67w25_256,0.0275804555416106,0.0040514536698658,0.0185796666666666,0.0780366666666666
yolo8d67w25_288,0.0399324258168538,0.0048354029655456,0.0273496666666666,0.0982466666666666
yolo8d67w25_320,0.044161365032196,0.0055378421147664,0.031937,0.125
yolo8d67w25_352,0.0482807660102843,0.0065658819675444,0.037076,0.1497533333333333
yolo8d67w25_384,0.0592359030246734,0.0073318620522816,0.042822,0.1817333333333333
yolo8d67w25_416,0.0654648884137471,0.0085429914792378,0.0505663333333333,0.2137099999999999
yolo8d67w25_448,0.0702417826652526,0.0093813963731129,0.0585383333333333,0.2458566666666667
yolo8d67w25_480,0.0801347577571868,0.0106827020645141,0.0685253333333333,0.29404
yolo8d67w5_160,0.0407640357812245,0.0064709210395812,0.018146,0.1258833333333333
yolo8d67w5_192,0.0476789398988087,0.0079328429698943,0.0233146666666666,0.1743933333333333
yolo8d67w5_224,0.0559632897377013,0.0094607345263162,0.0311266666666666,0.2331866666666666
yolo8d67w5_256,0.0613327141602833,0.0112580923239389,0.0381926666666666,0.27545
yolo8d67w5_288,0.0932913549741108,0.0130619418621062,0.0570446666666666,0.35087
yolo8d67w5_320,0.1042799115180969,0.0170088263352711,0.0662393333333333,0.4350266666666666
yolo8d67w5_352,0.1164599490165709,0.0178180909156798,0.0772203333333333,0.52697
yolo8d67w5_384,0.1311224516232808,0.0205941490332285,0.0893983333333333,0.6372166666666667
yolo8d67w5_416,0.1677617061138152,0.0238544956843058,0.1042009999999999,0.7444733333333334
yolo8d67w5_448,0.1800071334838866,0.0271234015623728,0.1176546666666666,0.8644933333333333
yolo8d67w5_480,0.2143858194351195,0.0304287842909494,0.1347623333333333,1.0099133333333332
yolo8l_160,0.1247627556324004,0.0197414239247639,0.0461843333333333,0.6254266666666667
yolo8l_192,0.1505754367510477,0.0253108139832814,0.0633563333333333,0.8780899999999999
yolo8l_224,0.1794554070631662,0.0325988634427387,0.0793596666666666,1.2040466666666667
yolo8l_256,0.1979604176680246,0.0415186667442321,0.101768,1.40195
yolo8l_288,0.2897302349408467,0.0514852460225423,0.1498346666666666,1.8115733333333333
yolo8l_320,0.3217864576975504,0.0593092409769693,0.1813163333333333,2.207213333333333
yolo8l_352,0.3621291446685791,0.0739211320877075,0.2179493333333333,2.656423333333333
yolo8l_384,0.3891954064369201,0.1013047262032826,0.2410043333333333,3.175523333333333
yolo8l_416,0.4871725300947824,0.1065825871626535,0.2827566666666667,3.722686666666666
yolo8l_448,0.5199935138225555,0.1203796434402465,0.320752,4.321703333333334
yolo8l_480,0.5806808853149414,0.1447784221172332,0.371821,4.954906666666667
yolo8m_160,0.0739288727442423,0.0123075731595357,0.0292106666666666,0.31635
yolo8m_192,0.0875021672248839,0.0144114442666371,0.037436,0.4364833333333333
yolo8m_224,0.1025721816221872,0.0181345522403716,0.0498093333333333,0.6138466666666668
yolo8m_256,0.1098134716351826,0.0222064320246378,0.059632,0.6485733333333333
yolo8m_288,0.1612701495488484,0.026074821949005,0.0908683333333333,0.8448533333333333
yolo8m_320,0.1887126648426055,0.0310857784748077,0.108027,1.04222
yolo8m_352,0.2141610097885131,0.0366870446999867,0.130555,1.2670866666666667
yolo8m_384,0.2386798834800719,0.0420457172393798,0.145776,1.4997466666666668
yolo8m_416,0.2968375651041666,0.0492148339748382,0.1695676666666666,1.7794666666666668
yolo8m_448,0.3252694237232207,0.0579896187782287,0.1874456666666666,2.05232
yolo8m_480,0.3717163562774657,0.0645215117931365,0.2114573333333333,2.38426
yolo8n_160,0.0200503210226694,0.0018932509422301,0.008047,0.0261933333333333
yolo8n_192,0.0206528294086456,0.00226363102595,0.0107196666666666,0.0362633333333333
yolo8n_224,0.0221398901939391,0.0028302498658497,0.0132573333333333,0.0501999999999999
yolo8n_256,0.0237592919667561,0.0033271137873331,0.0161403333333333,0.0661833333333333
yolo8n_288,0.0332174619038899,0.0040313565731048,0.0236543333333333,0.0842133333333333
yolo8n_320,0.0367988097667693,0.0045756550629933,0.027562,0.10479
yolo8n_352,0.0426218704382578,0.0054133129119872,0.0331006666666666,0.12526
yolo8n_384,0.0459158897399901,0.0060707696278889,0.036682,0.1519799999999999
yolo8n_416,0.0558621939023335,0.007078814903895,0.0451633333333333,0.1824133333333333
yolo8n_448,0.0633391320705413,0.0077353592713673,0.0504966666666666,0.2154166666666666
yolo8n_480,0.0685506538550058,0.0088359193007151,0.0576909999999999,0.2478399999999999
yolo8s_160,0.0332875533898671,0.0049711334705352,0.0157256666666666,0.1181766666666666
yolo8s_192,0.0401235957940419,0.0063188072045643,0.020323,0.1607633333333333
yolo8s_224,0.0471965436140695,0.0077924835681914,0.0270976666666666,0.2270533333333333
yolo8s_256,0.0520985567569732,0.0092400880654652,0.0346043333333333,0.2254433333333333
yolo8s_288,0.0747344414393106,0.0107587059338887,0.0495123333333333,0.29218
yolo8s_320,0.0856177028020222,0.0127527741591135,0.0605116666666666,0.35894
yolo8s_352,0.0944333628813425,0.014675748348236,0.070191,0.43971
yolo8s_384,0.1084715421994526,0.0168195625146229,0.0806336666666666,0.5219066666666667
yolo8s_416,0.1438366977373758,0.0195427175362904,0.0931516666666666,0.6216
yolo8s_448,0.1497486122449238,0.022170671224594,0.1015046666666666,0.7222333333333334
yolo8s_480,0.1777943364779154,0.0249298429489135,0.1160196666666666,0.8259866666666666
